id,title,page_url,image_url,full_image_url,license,license_url,author,timestamp,width,height,size,mime,description,latitude,longitude,location_clue,resolved_location_name
169907087,File:018 Giant otter eating a fish in Encontro das Águas State Park Photo by Giles Laurent.jpg,https://commons.wikimedia.org/wiki/File:018_Giant_otter_eating_a_fish_in_Encontro_das_%C3%81guas_State_Park_Photo_by_Giles_Laurent.jpg,https://upload.wikimedia.org/wikipedia/commons/thumb/b/bd/018_Giant_otter_eating_a_fish_in_Encontro_das_%C3%81guas_State_Park_Photo_by_Giles_Laurent.jpg/1280px-018_Giant_otter_eating_a_fish_in_Encontro_das_%C3%81guas_State_Park_Photo_by_Giles_Laurent.jpg,https://upload.wikimedia.org/wikipedia/commons/b/bd/018_Giant_otter_eating_a_fish_in_Encontro_das_%C3%81guas_State_Park_Photo_by_Giles_Laurent.jpg,CC BY-SA 4.0,https://creativecommons.org/licenses/by-sa/4.0,Giles Laurent,2025-07-13T21:55:50Z,2761,1841,2877732,image/jpeg,"Giant otter eating a fish caught from the river in Parque Estadual Encontro das Águas, Brazil",-17.273975,-56.694682,Encontro Das Águas,"Parque Estadual Encontro das Águas, Brazil"
170159174,File:139 Giant otter swimming in Encontro das Águas State Park Photo by Giles Laurent.jpg,https://commons.wikimedia.org/wiki/File:139_Giant_otter_swimming_in_Encontro_das_%C3%81guas_State_Park_Photo_by_Giles_Laurent.jpg,https://upload.wikimedia.org/wikipedia/commons/thumb/5/54/139_Giant_otter_swimming_in_Encontro_das_%C3%81guas_State_Park_Photo_by_Giles_Laurent.jpg/1280px-139_Giant_otter_swimming_in_Encontro_das_%C3%81guas_State_Park_Photo_by_Giles_Laurent.jpg,https://upload.wikimedia.org/wikipedia/commons/5/54/139_Giant_otter_swimming_in_Encontro_das_%C3%81guas_State_Park_Photo_by_Giles_Laurent.jpg,CC BY-SA 4.0,https://creativecommons.org/licenses/by-sa/4.0,Giles Laurent,2025-07-16T19:25:35Z,6085,4057,12112635,image/jpeg,"Giant otter swimming in Parque Estadual Encontro das Águas, Brazil",-17.273975,-56.694682,Encontro Das Águas,"Parque Estadual Encontro das Águas, Brazil"
170160884,File:156 Giant otter eating a Snow king pleco in Encontro das Águas State Park Photo by Giles Laurent.jpg,https://commons.wikimedia.org/wiki/File:156_Giant_otter_eating_a_Snow_king_pleco_in_Encontro_das_%C3%81guas_State_Park_Photo_by_Giles_Laurent.jpg,https://upload.wikimedia.org/wikipedia/commons/thumb/1/17/156_Giant_otter_eating_a_Snow_king_pleco_in_Encontro_das_%C3%81guas_State_Park_Photo_by_Giles_Laurent.jpg/1280px-156_Giant_otter_eating_a_Snow_king_pleco_in_Encontro_das_%C3%81guas_State_Park_Photo_by_Giles_Laurent.jpg,https://upload.wikimedia.org/wikipedia/commons/1/17/156_Giant_otter_eating_a_Snow_king_pleco_in_Encontro_das_%C3%81guas_State_Park_Photo_by_Giles_Laurent.jpg,CC BY-SA 4.0,https://creativecommons.org/licenses/by-sa/4.0,Giles Laurent,2025-07-16T19:51:31Z,3642,2428,4493765,image/jpeg,"Giant otter eating a Snow king pleco in Parque Estadual Encontro das Águas, Brazil",-17.273975,-56.694682,Encontro Das Águas,"Parque Estadual Encontro das Águas, Brazil"
121629634,"File:1 Jaguar fighting with giant otters, Parque Estadual Encontro das Águas Thomas-Fuhrmann.jpg","https://commons.wikimedia.org/wiki/File:1_Jaguar_fighting_with_giant_otters,_Parque_Estadual_Encontro_das_%C3%81guas_Thomas-Fuhrmann.jpg",https://upload.wikimedia.org/wikipedia/commons/thumb/b/b3/1_Jaguar_fighting_with_giant_otters%2C_Parque_Estadual_Encontro_das_%C3%81guas_Thomas-Fuhrmann.jpg/1280px-1_Jaguar_fighting_with_giant_otters%2C_Parque_Estadual_Encontro_das_%C3%81guas_Thomas-Fuhrmann.jpg,https://upload.wikimedia.org/wikipedia/commons/b/b3/1_Jaguar_fighting_with_giant_otters%2C_Parque_Estadual_Encontro_das_%C3%81guas_Thomas-Fuhrmann.jpg,CC BY-SA 4.0,https://creativecommons.org/licenses/by-sa/4.0,Thomas Fuhrmann,2022-08-11T22:35:53Z,3027,2018,5259547,image/jpeg,unidade de conservação da natureza pertencente ao governo do estado do Mato Grosso,-17.247205,-56.657000,Encontro Das Águas,"Parque Estadual Encontro das Águas, Brazil"
20834490,File:Animal-behavior-pone.0011385.s003.ogv,https://commons.wikimedia.org/wiki/File:Animal-behavior-pone.0011385.s003.ogv,https://upload.wikimedia.org/wikipedia/commons/thumb/4/4b/Animal-behavior-pone.0011385.s003.ogv/330px--Animal-behavior-pone.0011385.s003.ogv.jpg,https://upload.wikimedia.org/wikipedia/commons/4/4b/Animal-behavior-pone.0011385.s003.ogv,CC BY 2.5,https://creativecommons.org/licenses/by/2.5,"Davenport L, McComb K",2012-08-24T18:04:31Z,480,320,35130310,application/ogg,"A giant otter ( Pteronura brasiliensis ) called Firecat shares food with another one called Cacao. Cacao receives a portion of a large corvina ( Plagioscion squamosissimus , a fish) from Firecat. Cacao can be identified by the few spots on her chest and her pink left ear. Video by Lisa Davenport, edited for brevity. (14.28 MB MP4)",,,,
197621332,File:Ariranha-PARNA do Pantanal Matogrossense-Silvaninha2542(001).jpg,https://commons.wikimedia.org/wiki/File:Ariranha-PARNA_do_Pantanal_Matogrossense-Silvaninha2542(001).jpg,https://upload.wikimedia.org/wikipedia/commons/thumb/a/ac/Ariranha-PARNA_do_Pantanal_Matogrossense-Silvaninha2542%28001%29.jpg/1280px-Ariranha-PARNA_do_Pantanal_Matogrossense-Silvaninha2542%28001%29.jpg,https://upload.wikimedia.org/wikipedia/commons/a/ac/Ariranha-PARNA_do_Pantanal_Matogrossense-Silvaninha2542%28001%29.jpg,CC BY-SA 4.0,https://creativecommons.org/licenses/by-sa/4.0,Silvaninha2542,2026-08-16T19:02:13Z,5000,3998,3414466,image/jpeg,Registro de Ariranha em Parque Nacional do Pantanal Matogrossense.,,,Pantanal,"Pantanal, Brazil"
196386338,File:Ariranha-PE Encontro das Águas-DouglasFischer1969(001).jpg,https://commons.wikimedia.org/wiki/File:Ariranha-PE_Encontro_das_%C3%81guas-DouglasFischer1969(001).jpg,https://upload.wikimedia.org/wikipedia/commons/thumb/8/8b/Ariranha-PE_Encontro_das_%C3%81guas-DouglasFischer1969%28001%29.jpg/1280px-Ariranha-PE_Encontro_das_%C3%81guas-DouglasFischer1969%28001%29.jpg,https://upload.wikimedia.org/wikipedia/commons/8/8b/Ariranha-PE_Encontro_das_%C3%81guas-DouglasFischer1969%28001%29.jpg,CC BY-SA 4.0,https://creativecommons.org/licenses/by-sa/4.0,DouglasFischer1969,2026-07-28T18:35:10Z,3500,2333,4127292,image/jpeg,Registro de Ariranha em Parque Estadual Encontro das Águas.,,,Encontro Das Águas,"Parque Estadual Encontro das Águas, Brazil"
59633702,File:Ariranha comendo.jpg,https://commons.wikimedia.org/wiki/File:Ariranha_comendo.jpg,https://upload.wikimedia.org/wikipedia/commons/thumb/0/00/Ariranha_comendo.jpg/1280px-Ariranha_comendo.jpg,https://upload.wikimedia.org/wikipedia/commons/0/00/Ariranha_comendo.jpg,CC BY-SA 4.0,https://creativecommons.org/licenses/by-sa/4.0,Djalma Armelin,2017-06-05T23:21:30Z,3830,2554,1165896,image/jpeg,Hora do almoço da ariranha,,,,
152408576,File:Excursão pelo Rio Paraguai em Cáceres (Mato Grosso) 110.jpg,https://commons.wikimedia.org/wiki/File:Excurs%C3%A3o_pelo_Rio_Paraguai_em_C%C3%A1ceres_(Mato_Grosso)_110.jpg,https://upload.wikimedia.org/wikipedia/commons/thumb/8/83/Excurs%C3%A3o_pelo_Rio_Paraguai_em_C%C3%A1ceres_%28Mato_Grosso%29_110.jpg/1280px-Excurs%C3%A3o_pelo_Rio_Paraguai_em_C%C3%A1ceres_%28Mato_Grosso%29_110.jpg,https://upload.wikimedia.org/wikipedia/commons/8/83/Excurs%C3%A3o_pelo_Rio_Paraguai_em_C%C3%A1ceres_%28Mato_Grosso%29_110.jpg,CC BY-SA 4.0,https://creativecommons.org/licenses/by-sa/4.0,Túllio F,2024-09-09T05:09:07Z,3343,2229,7048029,image/jpeg,Fotos de fauna e flora durante a Excursão pelo Rio Paraguai em Cáceres (Mato Grosso) dos wikimedistas durante o Wiki Ocupa Cáceres 2024,,,Mato Grosso,"Mato Grosso, Brazil"
152408575,File:Excursão pelo Rio Paraguai em Cáceres (Mato Grosso) 111.jpg,https://commons.wikimedia.org/wiki/File:Excurs%C3%A3o_pelo_Rio_Paraguai_em_C%C3%A1ceres_(Mato_Grosso)_111.jpg,https://upload.wikimedia.org/wikipedia/commons/thumb/9/93/Excurs%C3%A3o_pelo_Rio_Paraguai_em_C%C3%A1ceres_%28Mato_Grosso%29_111.jpg/1280px-Excurs%C3%A3o_pelo_Rio_Paraguai_em_C%C3%A1ceres_%28Mato_Grosso%29_111.jpg,https://upload.wikimedia.org/wikipedia/commons/9/93/Excurs%C3%A3o_pelo_Rio_Paraguai_em_C%C3%A1ceres_%28Mato_Grosso%29_111.jpg,CC BY-SA 4.0,https://creativecommons.org/licenses/by-sa/4.0,Túllio F,2024-09-09T05:09:07Z,3583,2389,6862079,image/jpeg,Fotos de fauna e flora durante a Excursão pelo Rio Paraguai em Cáceres (Mato Grosso) dos wikimedistas durante o Wiki Ocupa Cáceres 2024,,,Mato Grosso,"Mato Grosso, Brazil"
152408629,File:Excursão pelo Rio Paraguai em Cáceres (Mato Grosso) 150.jpg,https://commons.wikimedia.org/wiki/File:Excurs%C3%A3o_pelo_Rio_Paraguai_em_C%C3%A1ceres_(Mato_Grosso)_150.jpg,https://upload.wikimedia.org/wikipedia/commons/thumb/6/6e/Excurs%C3%A3o_pelo_Rio_Paraguai_em_C%C3%A1ceres_%28Mato_Grosso%29_150.jpg/1280px-Excurs%C3%A3o_pelo_Rio_Paraguai_em_C%C3%A1ceres_%28Mato_Grosso%29_150.jpg,https://upload.wikimedia.org/wikipedia/commons/6/6e/Excurs%C3%A3o_pelo_Rio_Paraguai_em_C%C3%A1ceres_%28Mato_Grosso%29_150.jpg,CC BY-SA 4.0,https://creativecommons.org/licenses/by-sa/4.0,Túllio F,2024-09-09T05:10:06Z,4608,3072,14884249,image/jpeg,Fotos de fauna e flora durante a Excursão pelo Rio Paraguai em Cáceres (Mato Grosso) dos wikimedistas durante o Wiki Ocupa Cáceres 2024,,,Mato Grosso,"Mato Grosso, Brazil"
152408640,File:Excursão pelo Rio Paraguai em Cáceres (Mato Grosso) 156.jpg,https://commons.wikimedia.org/wiki/File:Excurs%C3%A3o_pelo_Rio_Paraguai_em_C%C3%A1ceres_(Mato_Grosso)_156.jpg,https://upload.wikimedia.org/wikipedia/commons/thumb/3/39/Excurs%C3%A3o_pelo_Rio_Paraguai_em_C%C3%A1ceres_%28Mato_Grosso%29_156.jpg/1280px-Excurs%C3%A3o_pelo_Rio_Paraguai_em_C%C3%A1ceres_%28Mato_Grosso%29_156.jpg,https://upload.wikimedia.org/wikipedia/commons/3/39/Excurs%C3%A3o_pelo_Rio_Paraguai_em_C%C3%A1ceres_%28Mato_Grosso%29_156.jpg,CC BY-SA 4.0,https://creativecommons.org/licenses/by-sa/4.0,Túllio F,2024-09-09T05:10:14Z,3233,2869,8509751,image/jpeg,Fotos de fauna e flora durante a Excursão pelo Rio Paraguai em Cáceres (Mato Grosso) dos wikimedistas durante o Wiki Ocupa Cáceres 2024,,,Mato Grosso,"Mato Grosso, Brazil"
152724447,File:Excursão pelo Rio Paraguai em Cáceres (Mato Grosso) 333.jpg,https://commons.wikimedia.org/wiki/File:Excurs%C3%A3o_pelo_Rio_Paraguai_em_C%C3%A1ceres_(Mato_Grosso)_333.jpg,https://upload.wikimedia.org/wikipedia/commons/thumb/0/0b/Excurs%C3%A3o_pelo_Rio_Paraguai_em_C%C3%A1ceres_%28Mato_Grosso%29_333.jpg/1280px-Excurs%C3%A3o_pelo_Rio_Paraguai_em_C%C3%A1ceres_%28Mato_Grosso%29_333.jpg,https://upload.wikimedia.org/wikipedia/commons/0/0b/Excurs%C3%A3o_pelo_Rio_Paraguai_em_C%C3%A1ceres_%28Mato_Grosso%29_333.jpg,CC BY-SA 4.0,https://creativecommons.org/licenses/by-sa/4.0,Túllio F,2024-09-16T16:05:29Z,4608,3072,11302463,image/jpeg,Excursão pelo Rio Paraguai em Cáceres (Mato Grosso) dos wikimedistas durante o Wiki Ocupa Cáceres 2024,,,Mato Grosso,"Mato Grosso, Brazil"
152724458,File:Excursão pelo Rio Paraguai em Cáceres (Mato Grosso) 337.jpg,https://commons.wikimedia.org/wiki/File:Excurs%C3%A3o_pelo_Rio_Paraguai_em_C%C3%A1ceres_(Mato_Grosso)_337.jpg,https://upload.wikimedia.org/wikipedia/commons/thumb/a/aa/Excurs%C3%A3o_pelo_Rio_Paraguai_em_C%C3%A1ceres_%28Mato_Grosso%29_337.jpg/1280px-Excurs%C3%A3o_pelo_Rio_Paraguai_em_C%C3%A1ceres_%28Mato_Grosso%29_337.jpg,https://upload.wikimedia.org/wikipedia/commons/a/aa/Excurs%C3%A3o_pelo_Rio_Paraguai_em_C%C3%A1ceres_%28Mato_Grosso%29_337.jpg,CC BY-SA 4.0,https://creativecommons.org/licenses/by-sa/4.0,Túllio F,2024-09-16T16:05:35Z,4608,3072,11240039,image/jpeg,Excursão pelo Rio Paraguai em Cáceres (Mato Grosso) dos wikimedistas durante o Wiki Ocupa Cáceres 2024,,,Mato Grosso,"Mato Grosso, Brazil"
152724477,File:Excursão pelo Rio Paraguai em Cáceres (Mato Grosso) 342.jpg,https://commons.wikimedia.org/wiki/File:Excurs%C3%A3o_pelo_Rio_Paraguai_em_C%C3%A1ceres_(Mato_Grosso)_342.jpg,https://upload.wikimedia.org/wikipedia/commons/thumb/5/56/Excurs%C3%A3o_pelo_Rio_Paraguai_em_C%C3%A1ceres_%28Mato_Grosso%29_342.jpg/1280px-Excurs%C3%A3o_pelo_Rio_Paraguai_em_C%C3%A1ceres_%28Mato_Grosso%29_342.jpg,https://upload.wikimedia.org/wikipedia/commons/5/56/Excurs%C3%A3o_pelo_Rio_Paraguai_em_C%C3%A1ceres_%28Mato_Grosso%29_342.jpg,CC BY-SA 4.0,https://creativecommons.org/licenses/by-sa/4.0,Túllio F,2024-09-16T16:05:46Z,4608,3072,11882185,image/jpeg,Excursão pelo Rio Paraguai em Cáceres (Mato Grosso) dos wikimedistas durante o Wiki Ocupa Cáceres 2024,,,Mato Grosso,"Mato Grosso, Brazil"
152725321,File:Excursão pelo Rio Paraguai em Cáceres (Mato Grosso) 344.jpg,https://commons.wikimedia.org/wiki/File:Excurs%C3%A3o_pelo_Rio_Paraguai_em_C%C3%A1ceres_(Mato_Grosso)_344.jpg,https://upload.wikimedia.org/wikipedia/commons/thumb/a/af/Excurs%C3%A3o_pelo_Rio_Paraguai_em_C%C3%A1ceres_%28Mato_Grosso%29_344.jpg/1280px-Excurs%C3%A3o_pelo_Rio_Paraguai_em_C%C3%A1ceres_%28Mato_Grosso%29_344.jpg,https://upload.wikimedia.org/wikipedia/commons/a/af/Excurs%C3%A3o_pelo_Rio_Paraguai_em_C%C3%A1ceres_%28Mato_Grosso%29_344.jpg,CC BY-SA 4.0,https://creativecommons.org/licenses/by-sa/4.0,Túllio F,2024-09-16T16:28:19Z,4608,3072,12498296,image/jpeg,Excursão pelo Rio Paraguai em Cáceres (Mato Grosso) dos wikimedistas durante o Wiki Ocupa Cáceres 2024,,,Mato Grosso,"Mato Grosso, Brazil"
152725335,File:Excursão pelo Rio Paraguai em Cáceres (Mato Grosso) 350.jpg,https://commons.wikimedia.org/wiki/File:Excurs%C3%A3o_pelo_Rio_Paraguai_em_C%C3%A1ceres_(Mato_Grosso)_350.jpg,https://upload.wikimedia.org/wikipedia/commons/thumb/5/5b/Excurs%C3%A3o_pelo_Rio_Paraguai_em_C%C3%A1ceres_%28Mato_Grosso%29_350.jpg/1280px-Excurs%C3%A3o_pelo_Rio_Paraguai_em_C%C3%A1ceres_%28Mato_Grosso%29_350.jpg,https://upload.wikimedia.org/wikipedia/commons/5/5b/Excurs%C3%A3o_pelo_Rio_Paraguai_em_C%C3%A1ceres_%28Mato_Grosso%29_350.jpg,CC BY-SA 4.0,https://creativecommons.org/licenses/by-sa/4.0,Túllio F,2024-09-16T16:28:28Z,4608,3072,10036441,image/jpeg,Excursão pelo Rio Paraguai em Cáceres (Mato Grosso) dos wikimedistas durante o Wiki Ocupa Cáceres 2024,,,Mato Grosso,"Mato Grosso, Brazil"
152725339,File:Excursão pelo Rio Paraguai em Cáceres (Mato Grosso) 353.jpg,https://commons.wikimedia.org/wiki/File:Excurs%C3%A3o_pelo_Rio_Paraguai_em_C%C3%A1ceres_(Mato_Grosso)_353.jpg,https://upload.wikimedia.org/wikipedia/commons/thumb/1/11/Excurs%C3%A3o_pelo_Rio_Paraguai_em_C%C3%A1ceres_%28Mato_Grosso%29_353.jpg/1280px-Excurs%C3%A3o_pelo_Rio_Paraguai_em_C%C3%A1ceres_%28Mato_Grosso%29_353.jpg,https://upload.wikimedia.org/wikipedia/commons/1/11/Excurs%C3%A3o_pelo_Rio_Paraguai_em_C%C3%A1ceres_%28Mato_Grosso%29_353.jpg,CC BY-SA 4.0,https://creativecommons.org/licenses/by-sa/4.0,Túllio F,2024-09-16T16:28:33Z,4608,3072,9553978,image/jpeg,Excursão pelo Rio Paraguai em Cáceres (Mato Grosso) dos wikimedistas durante o Wiki Ocupa Cáceres 2024,,,Mato Grosso,"Mato Grosso, Brazil"
115281259,File:FightingOtter01.jpg,https://commons.wikimedia.org/wiki/File:FightingOtter01.jpg,https://upload.wikimedia.org/wikipedia/commons/thumb/e/ed/FightingOtter01.jpg/1280px-FightingOtter01.jpg,https://upload.wikimedia.org/wikipedia/commons/e/ed/FightingOtter01.jpg,CC BY-SA 3.0,https://creativecommons.org/licenses/by-sa/3.0,BluesyPete,2022-02-15T17:08:49Z,3072,2048,3353125,image/jpeg,Loutre repoussant un crocodile au Pantanal - Brésil.,-16.399674,-56.627290,Pantanal,"Pantanal, Brazil"
115281262,File:FightingOtter02.jpg,https://commons.wikimedia.org/wiki/File:FightingOtter02.jpg,https://upload.wikimedia.org/wikipedia/commons/thumb/d/d4/FightingOtter02.jpg/1280px-FightingOtter02.jpg,https://upload.wikimedia.org/wikipedia/commons/d/d4/FightingOtter02.jpg,CC BY-SA 3.0,https://creativecommons.org/licenses/by-sa/3.0,BluesyPete,2022-02-15T17:08:49Z,3072,2048,3411442,image/jpeg,Loutre repoussant un crocodile au Pantanal - Brésil.,-16.399674,-56.627290,Pantanal,"Pantanal, Brazil"
115281261,File:FightingOtter03.jpg,https://commons.wikimedia.org/wiki/File:FightingOtter03.jpg,https://upload.wikimedia.org/wikipedia/commons/thumb/0/0f/FightingOtter03.jpg/1280px-FightingOtter03.jpg,https://upload.wikimedia.org/wikipedia/commons/0/0f/FightingOtter03.jpg,CC BY-SA 3.0,https://creativecommons.org/licenses/by-sa/3.0,BluesyPete,2022-02-15T17:08:49Z,1945,1405,2648462,image/jpeg,Loutre repoussant un crocodile au Pantanal - Brésil.,-16.399674,-56.627290,Pantanal,"Pantanal, Brazil"
115281271,File:FightingOtter04.jpg,https://commons.wikimedia.org/wiki/File:FightingOtter04.jpg,https://upload.wikimedia.org/wikipedia/commons/thumb/d/df/FightingOtter04.jpg/1280px-FightingOtter04.jpg,https://upload.wikimedia.org/wikipedia/commons/d/df/FightingOtter04.jpg,CC BY-SA 3.0,https://creativecommons.org/licenses/by-sa/3.0,BluesyPete,2022-02-15T17:08:53Z,3072,2048,3620223,image/jpeg,Loutre repoussant un crocodile au Pantanal - Brésil.,-16.399674,-56.627290,Pantanal,"Pantanal, Brazil"
115281270,File:FightingOtter05.jpg,https://commons.wikimedia.org/wiki/File:FightingOtter05.jpg,https://upload.wikimedia.org/wikipedia/commons/thumb/8/8a/FightingOtter05.jpg/1280px-FightingOtter05.jpg,https://upload.wikimedia.org/wikipedia/commons/8/8a/FightingOtter05.jpg,CC BY-SA 3.0,https://creativecommons.org/licenses/by-sa/3.0,BluesyPete,2022-02-15T17:08:53Z,3072,2048,3410160,image/jpeg,Loutre repoussant un crocodile au Pantanal - Brésil.,-16.399674,-56.627290,Pantanal,"Pantanal, Brazil"
22440872,File:Flickr - ggallice - Giant otter (2).jpg,https://commons.wikimedia.org/wiki/File:Flickr_-_ggallice_-_Giant_otter_(2).jpg,https://upload.wikimedia.org/wikipedia/commons/thumb/f/fd/Flickr_-_ggallice_-_Giant_otter_%282%29.jpg/1280px-Flickr_-_ggallice_-_Giant_otter_%282%29.jpg,https://upload.wikimedia.org/wikipedia/commons/f/fd/Flickr_-_ggallice_-_Giant_otter_%282%29.jpg,CC BY 2.0,https://creativecommons.org/licenses/by/2.0,"Geoff Gallice from Gainesville, FL, USA",2012-10-28T22:18:30Z,4596,2298,410310,image/jpeg,"Mustelidae: Pteronura brasiliensis Laguna Cocococha, Reserva Nacional Tambopata, Madre de Dios, Peru",-12.817325,-69.261245,Madre De Dios,"Madre de Dios, Peru"
50931387,File:Giant Otter (Pteronura brasiliensis) (28929231040).jpg,https://commons.wikimedia.org/wiki/File:Giant_Otter_(Pteronura_brasiliensis)_(28929231040).jpg,https://upload.wikimedia.org/wikipedia/commons/thumb/1/1d/Giant_Otter_%28Pteronura_brasiliensis%29_%2828929231040%29.jpg/1280px-Giant_Otter_%28Pteronura_brasiliensis%29_%2828929231040%29.jpg,https://upload.wikimedia.org/wikipedia/commons/1/1d/Giant_Otter_%28Pteronura_brasiliensis%29_%2828929231040%29.jpg,CC BY-SA 2.0,https://creativecommons.org/licenses/by-sa/2.0,Bernard DUPONT from FRANCE,2016-08-28T05:17:03Z,5472,3648,11890950,image/jpeg,"Rio São Lourenço, Porto Jofre, Pantanal, Poconé, Mato Grosso, BRAZIL",-17.264041,-56.668413,Mato Grosso,"Mato Grosso, Brazil"
50931375,File:Giant Otter (Pteronura brasiliensis) eating a Vermiculated Sailfin Catfish (Pterygoplichthys disjunctivus) (28597043744).jpg,https://commons.wikimedia.org/wiki/File:Giant_Otter_(Pteronura_brasiliensis)_eating_a_Vermiculated_Sailfin_Catfish_(Pterygoplichthys_disjunctivus)_(28597043744).jpg,https://upload.wikimedia.org/wikipedia/commons/thumb/4/46/Giant_Otter_%28Pteronura_brasiliensis%29_eating_a_Vermiculated_Sailfin_Catfish_%28Pterygoplichthys_disjunctivus%29_%2828597043744%29.jpg/1280px-Giant_Otter_%28Pteronura_brasiliensis%29_eating_a_Vermiculated_Sailfin_Catfish_%28Pterygoplichthys_disjunctivus%29_%2828597043744%29.jpg,https://upload.wikimedia.org/wikipedia/commons/4/46/Giant_Otter_%28Pteronura_brasiliensis%29_eating_a_Vermiculated_Sailfin_Catfish_%28Pterygoplichthys_disjunctivus%29_%2828597043744%29.jpg,CC BY-SA 2.0,https://creativecommons.org/licenses/by-sa/2.0,Bernard DUPONT from FRANCE,2016-08-28T05:16:42Z,5472,3648,14497846,image/jpeg,"Rio São Lourenço, Porto Jofre, Pantanal, Poconé, Mato Grosso, BRAZIL",-17.264041,-56.668413,Mato Grosso,"Mato Grosso, Brazil"
50429013,File:Giant Otter (Pteronura brasiliensis) eating some fish ... (28579196542).jpg,https://commons.wikimedia.org/wiki/File:Giant_Otter_(Pteronura_brasiliensis)_eating_some_fish_..._(28579196542).jpg,https://upload.wikimedia.org/wikipedia/commons/thumb/7/7f/Giant_Otter_%28Pteronura_brasiliensis%29_eating_some_fish_..._%2828579196542%29.jpg/1280px-Giant_Otter_%28Pteronura_brasiliensis%29_eating_some_fish_..._%2828579196542%29.jpg,https://upload.wikimedia.org/wikipedia/commons/7/7f/Giant_Otter_%28Pteronura_brasiliensis%29_eating_some_fish_..._%2828579196542%29.jpg,CC BY-SA 2.0,https://creativecommons.org/licenses/by-sa/2.0,Bernard DUPONT from FRANCE,2016-08-01T03:44:17Z,4384,3162,7223075,image/jpeg,"Giant otter at Piquiri River, Porto Jofre area, Pantanal, Poconé, Mato Grosso, Brazil.",,,Mato Grosso,"Mato Grosso, Brazil"
49980082,File:Giant Otter (Pteronura brasiliensis) resting in the sun ... - Flickr - berniedup.jpg,https://commons.wikimedia.org/wiki/File:Giant_Otter_(Pteronura_brasiliensis)_resting_in_the_sun_..._-_Flickr_-_berniedup.jpg,https://upload.wikimedia.org/wikipedia/commons/thumb/6/60/Giant_Otter_%28Pteronura_brasiliensis%29_resting_in_the_sun_..._-_Flickr_-_berniedup.jpg/1280px-Giant_Otter_%28Pteronura_brasiliensis%29_resting_in_the_sun_..._-_Flickr_-_berniedup.jpg,https://upload.wikimedia.org/wikipedia/commons/6/60/Giant_Otter_%28Pteronura_brasiliensis%29_resting_in_the_sun_..._-_Flickr_-_berniedup.jpg,CC BY-SA 2.0,https://creativecommons.org/licenses/by-sa/2.0,Bernard DUPONT from FRANCE,2016-07-07T15:31:09Z,4182,2724,6352840,image/jpeg,"Cuiabá River, Porto Jofre, Poconé, Mato Grosso, BRAZIL",,,Mato Grosso,"Mato Grosso, Brazil"
14620104,File:Giant Otter Anjo.JPG,https://commons.wikimedia.org/wiki/File:Giant_Otter_Anjo.JPG,https://upload.wikimedia.org/wikipedia/commons/thumb/a/a2/Giant_Otter_Anjo.JPG/1280px-Giant_Otter_Anjo.JPG,https://upload.wikimedia.org/wikipedia/commons/a/a2/Giant_Otter_Anjo.JPG,Attribution,,www.Araguaia.org,2011-03-16T13:45:29Z,3962,2476,3086863,image/jpeg,"The giant otter (Pteronura brasiliensis) known as ""Anjo"", one of a group of fourteen wild otters residing at Lago Grande, in Cantão State Park, in the Araguaia wetlands of central Brazil. This picture was taken by researchers from the Instituto Araguaia, which has been studying this particular group of otters in Cantão since 2010. The individuals are identified by the pattern of white marks on their throat, which the otters themselves use to recognize each other - hence their habit of displaying their throats whenever they meet a stranger, as the animal in the picture is doing.",,,Cantão,"Parque Estadual do Cantão, Tocantins, Brazil"
12181206,File:Giant Otter area.png,https://commons.wikimedia.org/wiki/File:Giant_Otter_area.png,https://upload.wikimedia.org/wikipedia/commons/0/09/Giant_Otter_area.png,https://upload.wikimedia.org/wikipedia/commons/0/09/Giant_Otter_area.png,CC BY-SA 3.0,https://creativecommons.org/licenses/by-sa/3.0,Chermundy,2010-11-29T23:27:53Z,212,319,8361,image/png,Giant Otter ( Pteronura brasiliensis ) range,,,,
81032693,File:Giant Otters (Pteronura brasiliensis) family group ... (48427165226).jpg,https://commons.wikimedia.org/wiki/File:Giant_Otters_(Pteronura_brasiliensis)_family_group_..._(48427165226).jpg,https://upload.wikimedia.org/wikipedia/commons/thumb/1/19/Giant_Otters_%28Pteronura_brasiliensis%29_family_group_..._%2848427165226%29.jpg/1280px-Giant_Otters_%28Pteronura_brasiliensis%29_family_group_..._%2848427165226%29.jpg,https://upload.wikimedia.org/wikipedia/commons/1/19/Giant_Otters_%28Pteronura_brasiliensis%29_family_group_..._%2848427165226%29.jpg,CC BY-SA 2.0,https://creativecommons.org/licenses/by-sa/2.0,Bernard DUPONT from FRANCE,2019-08-04T14:53:46Z,3640,2452,7531629,image/jpeg,"Cuiaba River, Porto Jofre, Transpantaneira, Poconé, Mato Grosso, BRAZIL",,,Mato Grosso,"Mato Grosso, Brazil"
69680190,File:Giant otter (32126268816).jpg,https://commons.wikimedia.org/wiki/File:Giant_otter_(32126268816).jpg,https://upload.wikimedia.org/wikipedia/commons/thumb/b/b9/Giant_otter_%2832126268816%29.jpg/1280px-Giant_otter_%2832126268816%29.jpg,https://upload.wikimedia.org/wikipedia/commons/b/b9/Giant_otter_%2832126268816%29.jpg,CC BY 2.0,https://creativecommons.org/licenses/by/2.0,-JvL- from Netherlands,2018-06-03T19:37:49Z,4896,2752,1416628,image/jpeg,One of the two giant otters (Thierry or Bella) in the Paramaribo Zoo,5.847605,-55.160003,Paramaribo Zoo,Paramaribo Zoo
37829743,File:Giant otter (Pteronura brasiliensis).JPG,https://commons.wikimedia.org/wiki/File:Giant_otter_(Pteronura_brasiliensis).JPG,https://upload.wikimedia.org/wikipedia/commons/thumb/1/1d/Giant_otter_%28Pteronura_brasiliensis%29.JPG/1280px-Giant_otter_%28Pteronura_brasiliensis%29.JPG,https://upload.wikimedia.org/wikipedia/commons/1/1d/Giant_otter_%28Pteronura_brasiliensis%29.JPG,CC BY-SA 4.0,https://creativecommons.org/licenses/by-sa/4.0,Dirk Meyer,2015-01-12T19:13:55Z,2642,1763,1626032,image/jpeg,Riesenotter (Pteronura brasiliensis) Peru,,,,
103303306,File:Giant otter (Pteronura brasiliensis) juvenile.jpg,https://commons.wikimedia.org/wiki/File:Giant_otter_(Pteronura_brasiliensis)_juvenile.jpg,https://upload.wikimedia.org/wikipedia/commons/thumb/2/2f/Giant_otter_%28Pteronura_brasiliensis%29_juvenile.jpg/1280px-Giant_otter_%28Pteronura_brasiliensis%29_juvenile.jpg,https://upload.wikimedia.org/wikipedia/commons/2/2f/Giant_otter_%28Pteronura_brasiliensis%29_juvenile.jpg,CC BY-SA 4.0,https://creativecommons.org/licenses/by-sa/4.0,Charles J. Sharp,2021-04-08T15:21:08Z,5970,3387,23564217,image/jpeg,"Giant otter ( Pteronura brasiliensis ) juvenile, Cuiba River, Near Porto Jofre, the Pantanal, Brazil",-17.295000,-56.710000,Pantanal,"Pantanal, Brazil"
22440870,File:Giant otter in Laguna Cocococha Peru 01.jpg,https://commons.wikimedia.org/wiki/File:Giant_otter_in_Laguna_Cocococha_Peru_01.jpg,https://upload.wikimedia.org/wikipedia/commons/thumb/0/08/Giant_otter_in_Laguna_Cocococha_Peru_01.jpg/1280px-Giant_otter_in_Laguna_Cocococha_Peru_01.jpg,https://upload.wikimedia.org/wikipedia/commons/0/08/Giant_otter_in_Laguna_Cocococha_Peru_01.jpg,CC BY 2.0,https://creativecommons.org/licenses/by/2.0,"Geoff Gallice from Gainesville, FL, USA",2012-10-28T22:18:21Z,4411,2941,445879,image/jpeg,"Mustelidae: Pteronura brasiliensis Laguna Cocococha, Reserva Nacional Tambopata, Madre de Dios, Peru",-12.817325,-69.261245,Madre De Dios,"Madre de Dios, Peru"
22440893,File:Giant otter in Laguna Cocococha Peru 06.jpg,https://commons.wikimedia.org/wiki/File:Giant_otter_in_Laguna_Cocococha_Peru_06.jpg,https://upload.wikimedia.org/wikipedia/commons/thumb/7/7b/Giant_otter_in_Laguna_Cocococha_Peru_06.jpg/1280px-Giant_otter_in_Laguna_Cocococha_Peru_06.jpg,https://upload.wikimedia.org/wikipedia/commons/7/7b/Giant_otter_in_Laguna_Cocococha_Peru_06.jpg,CC BY 2.0,https://creativecommons.org/licenses/by/2.0,"Geoff Gallice from Gainesville, FL, USA",2012-10-28T22:19:50Z,4728,2364,469903,image/jpeg,"Mustelidae: Pteronura brasiliensis Laguna Cocococha, Reserva Nacional Tambopata, Madre de Dios, Peru",-12.817325,-69.261245,Madre De Dios,"Madre de Dios, Peru"
87751896,File:Giant otters (Pteronura brasiliensis).jpg,https://commons.wikimedia.org/wiki/File:Giant_otters_(Pteronura_brasiliensis).jpg,https://upload.wikimedia.org/wikipedia/commons/thumb/2/21/Giant_otters_%28Pteronura_brasiliensis%29.jpg/1280px-Giant_otters_%28Pteronura_brasiliensis%29.jpg,https://upload.wikimedia.org/wikipedia/commons/2/21/Giant_otters_%28Pteronura_brasiliensis%29.jpg,CC BY-SA 4.0,https://creativecommons.org/licenses/by-sa/4.0,Charles J. Sharp,2020-03-06T21:24:00Z,5472,3648,24674055,image/jpeg,"Giant otters ( Pteronura brasiliensis ), Three Brothers River, Near Porto Jofre, Pantanal, Brazil",-17.295000,-56.710000,Pantanal,"Pantanal, Brazil"
39695204,File:Giant otters playing.jpg,https://commons.wikimedia.org/wiki/File:Giant_otters_playing.jpg,https://upload.wikimedia.org/wikipedia/commons/9/94/Giant_otters_playing.jpg,https://upload.wikimedia.org/wikipedia/commons/9/94/Giant_otters_playing.jpg,CC BY 2.0,https://creativecommons.org/licenses/by/2.0,Madeleine Deaton,2015-04-20T21:58:05Z,1024,680,174110,image/jpeg,Loutres géantes en train de jouer dans un lac au Pérou,,,,
116350253,File:Giant otters standing near crocodile - DPLA - e843620961f45ae2841985d10dac6188.jpg,https://commons.wikimedia.org/wiki/File:Giant_otters_standing_near_crocodile_-_DPLA_-_e843620961f45ae2841985d10dac6188.jpg,https://upload.wikimedia.org/wikipedia/commons/thumb/6/6d/Giant_otters_standing_near_crocodile_-_DPLA_-_e843620961f45ae2841985d10dac6188.jpg/1280px-Giant_otters_standing_near_crocodile_-_DPLA_-_e843620961f45ae2841985d10dac6188.jpg,https://upload.wikimedia.org/wikipedia/commons/6/6d/Giant_otters_standing_near_crocodile_-_DPLA_-_e843620961f45ae2841985d10dac6188.jpg,CC BY-SA 4.0,https://creativecommons.org/licenses/by-sa/4.0,"Garst, Warren, 1922-2016, photographer",2022-03-23T19:33:08Z,1576,1070,505244,image/jpeg,"35 mm slide; color. Scientific Classification: Kingdom: Animalia; Phylum: Chordata; Class: Mammalia; Order: Carnivora; Family: Mustelidae; Genus: Pteronura; Genus species: Pteronura brasiliensis. Animal characteristics: Head-Body Length: 96-123 cm; Weight: 22-32 kg; Identification: The coat coloring of the giant otter is a dark burnt umber. Its chin, throat, and chest are marked with cream-colored patches; Habitat: Freshwater rivers, slow streams, lakes; Diet: Carnivore: fish eggs, aquatic mammals, birds, fish, crustaceans; Reproduction: Giant otters are nonseasonal breeders, although most births occur during the dry season. The gestation period is 65-70 days long, after which 1-5 young are born. The baby otters are weaned five months after birth; Social Structure: Giant otters travel in groups called holts. Only the dominant female in each holt is allowed to give birth each year; Behavior: The entire holt helps care for the young; Status: Endangered: hunting for fur, habitat destruction; Interesting Facts: This is the largest species of otter. They are often referred to as 'river wolves'.",,,,
1311146,File:Giantotter.jpg,https://commons.wikimedia.org/wiki/File:Giantotter.jpg,https://upload.wikimedia.org/wikipedia/commons/thumb/e/e2/Giantotter.jpg/1280px-Giantotter.jpg,https://upload.wikimedia.org/wikipedia/commons/e/e2/Giantotter.jpg,CC BY-SA 2.5,https://creativecommons.org/licenses/by-sa/2.5,Rdavout,2006-10-25T22:50:58Z,1613,638,308775,image/jpeg,,,,,
117445,File:Leefgebied reuzenotter.jpg,https://commons.wikimedia.org/wiki/File:Leefgebied_reuzenotter.jpg,https://upload.wikimedia.org/wikipedia/commons/b/bf/Leefgebied_reuzenotter.jpg,https://upload.wikimedia.org/wikipedia/commons/b/bf/Leefgebied_reuzenotter.jpg,CC BY-SA 3.0,http://creativecommons.org/licenses/by-sa/3.0/,Nordelch,2005-04-23T15:20:16Z,347,167,6680,image/jpeg,,,,,
166493864,File:Lobo de rio taricaya Paseo fotografico retratando al guardian de la Amazonia.jpg,https://commons.wikimedia.org/wiki/File:Lobo_de_rio_taricaya_Paseo_fotografico_retratando_al_guardian_de_la_Amazonia.jpg,https://upload.wikimedia.org/wikipedia/commons/a/a2/Lobo_de_rio_taricaya_Paseo_fotografico_retratando_al_guardian_de_la_Amazonia.jpg,https://upload.wikimedia.org/wikipedia/commons/a/a2/Lobo_de_rio_taricaya_Paseo_fotografico_retratando_al_guardian_de_la_Amazonia.jpg,CC BY-SA 4.0,https://creativecommons.org/licenses/by-sa/4.0,Nicolle Diaz23,2025-05-31T22:04:22Z,1200,1600,583492,image/jpeg,Paseo fotografico retratando al guardian de la Amazonia,12.518890,68.979966,,
39695386,File:Loutre géante gros plan.jpg,https://commons.wikimedia.org/wiki/File:Loutre_g%C3%A9ante_gros_plan.jpg,https://upload.wikimedia.org/wikipedia/commons/thumb/b/b2/Loutre_g%C3%A9ante_gros_plan.jpg/1280px-Loutre_g%C3%A9ante_gros_plan.jpg,https://upload.wikimedia.org/wikipedia/commons/b/b2/Loutre_g%C3%A9ante_gros_plan.jpg,CC BY 2.0,https://creativecommons.org/licenses/by/2.0,Steve Wilson,2015-04-20T22:10:51Z,1500,1220,1147424,image/jpeg,Gros plan sur la tête d'une Loutre géante,,,,
39695577,File:Loutregéanterocher.jpg,https://commons.wikimedia.org/wiki/File:Loutreg%C3%A9anterocher.jpg,https://upload.wikimedia.org/wikipedia/commons/thumb/f/f3/Loutreg%C3%A9anterocher.jpg/1280px-Loutreg%C3%A9anterocher.jpg,https://upload.wikimedia.org/wikipedia/commons/f/f3/Loutreg%C3%A9anterocher.jpg,CC BY 2.0,https://creativecommons.org/licenses/by/2.0,Steve Wilson,2015-04-20T22:31:59Z,1500,1117,1255816,image/jpeg,Loutre géante sur un rocher,,,,
172569495,File:Parque Estadual encontro das águas- Adriana Brandão (06).jpg,https://commons.wikimedia.org/wiki/File:Parque_Estadual_encontro_das_%C3%A1guas-_Adriana_Brand%C3%A3o_(06).jpg,https://upload.wikimedia.org/wikipedia/commons/thumb/a/a1/Parque_Estadual_encontro_das_%C3%A1guas-_Adriana_Brand%C3%A3o_%2806%29.jpg/1280px-Parque_Estadual_encontro_das_%C3%A1guas-_Adriana_Brand%C3%A3o_%2806%29.jpg,https://upload.wikimedia.org/wikipedia/commons/a/a1/Parque_Estadual_encontro_das_%C3%A1guas-_Adriana_Brand%C3%A3o_%2806%29.jpg,CC BY-SA 4.0,https://creativecommons.org/licenses/by-sa/4.0,Adrisub,2025-08-14T12:15:48Z,3800,2533,8100781,image/jpeg,"Parque Estadual Encontro das Águas de nível Estadual, localizado (a) em Barão de Melgaço (MT), Poconé (MT) Ariranha",,,Encontro Das Águas,"Parque Estadual Encontro das Águas, Brazil"
60637166,File:Pteronura brasiliensis.jpg,https://commons.wikimedia.org/wiki/File:Pteronura_brasiliensis.jpg,https://upload.wikimedia.org/wikipedia/commons/9/9c/Pteronura_brasiliensis.jpg,https://upload.wikimedia.org/wikipedia/commons/9/9c/Pteronura_brasiliensis.jpg,CC BY 2.0,https://creativecommons.org/licenses/by/2.0,Steve Wilson,2017-07-03T23:28:02Z,874,718,613459,image/jpeg,Loutre géante sur un rocher,,,,
171580072,"File:Pteronura brasiliensis in Southern Pantanal, Brazil, 24-07-2025.webm","https://commons.wikimedia.org/wiki/File:Pteronura_brasiliensis_in_Southern_Pantanal,_Brazil,_24-07-2025.webm",https://upload.wikimedia.org/wikipedia/commons/thumb/7/78/Pteronura_brasiliensis_in_Southern_Pantanal%2C_Brazil%2C_24-07-2025.webm/1280px--Pteronura_brasiliensis_in_Southern_Pantanal%2C_Brazil%2C_24-07-2025.webm.jpg,https://upload.wikimedia.org/wikipedia/commons/7/78/Pteronura_brasiliensis_in_Southern_Pantanal%2C_Brazil%2C_24-07-2025.webm,CC BY-SA 4.0,https://creativecommons.org/licenses/by-sa/4.0,Jcornelius,2025-08-04T16:51:43Z,1920,1080,24840057,video/webm,"Giant otter ( Pteronura brasiliensis ) at Rio Miranda, in Southern Pantanal, Brazil",,,Pantanal,"Pantanal, Brazil"
5270888,File:Range map pteronura brasiliensis.svg,https://commons.wikimedia.org/wiki/File:Range_map_pteronura_brasiliensis.svg,https://upload.wikimedia.org/wikipedia/commons/thumb/6/66/Range_map_pteronura_brasiliensis.svg/1280px-Range_map_pteronura_brasiliensis.svg.png,https://upload.wikimedia.org/wikipedia/commons/6/66/Range_map_pteronura_brasiliensis.svg,CC BY-SA 4.0,https://creativecommons.org/licenses/by-sa/4.0,Lofo7,2008-11-24T14:23:28Z,5365,2796,700430,image/svg+xml,Répartition géographique de la loutre géante,,,,
98469615,File:Stamp of Brazil - 1975 - Colnect 214508 - Giant Otter Pteronura brasiliensis.jpeg,https://commons.wikimedia.org/wiki/File:Stamp_of_Brazil_-_1975_-_Colnect_214508_-_Giant_Otter_Pteronura_brasiliensis.jpeg,https://upload.wikimedia.org/wikipedia/commons/f/f4/Stamp_of_Brazil_-_1975_-_Colnect_214508_-_Giant_Otter_Pteronura_brasiliensis.jpeg,https://upload.wikimedia.org/wikipedia/commons/f/f4/Stamp_of_Brazil_-_1975_-_Colnect_214508_-_Giant_Otter_Pteronura_brasiliensis.jpeg,Public domain,,Post of Brazil,2021-01-03T09:49:42Z,357,501,59542,image/jpeg,Stamp,,,,
41823710,"File:The animal kingdom, arranged according to its organization, serving as a foundation for the natural history of animals - and an introduction to comparative anatomy (Vol. 1) (1834) (17574049544).jpg","https://commons.wikimedia.org/wiki/File:The_animal_kingdom,_arranged_according_to_its_organization,_serving_as_a_foundation_for_the_natural_history_of_animals_-_and_an_introduction_to_comparative_anatomy_(Vol._1)_(1834)_(17574049544).jpg",https://upload.wikimedia.org/wikipedia/commons/thumb/0/05/The_animal_kingdom%2C_arranged_according_to_its_organization%2C_serving_as_a_foundation_for_the_natural_history_of_animals_-_and_an_introduction_to_comparative_anatomy_%28Vol._1%29_%281834%29_%2817574049544%29.jpg/1280px-thumbnail.jpg,https://upload.wikimedia.org/wikipedia/commons/0/05/The_animal_kingdom%2C_arranged_according_to_its_organization%2C_serving_as_a_foundation_for_the_natural_history_of_animals_-_and_an_introduction_to_comparative_anatomy_%28Vol._1%29_%281834%29_%2817574049544%29.jpg,No restrictions,https://www.flickr.com/commons/usage/,Internet Archive Book Images,2015-07-24T16:38:38Z,1544,2648,900615,image/jpeg,"Title : The animal kingdom, arranged according to its organization, serving as a foundation for the natural history of animals : and an introduction to comparative anatomy (Vol. 1) Identifier : animalkingdo01cuvi ( find matches ) Year : 1834 ( 1830s ) Authors : Cuvier, Georges, baron, 1769-1832 ; Latreille, P. A. (Pierre André), 1762-1833 ; Metcalf Collection (North Carolina State University). NCRS Subjects : Zoology Publisher : London, G. Henderson Contributing Library : NCSU Libraries Digitizing Sponsor : NCSU Libraries View Book Page : Book Viewer About This Book : Catalog Entry View All Images : All Images From Book Click here to view book online to see this illustration in context in a browseable online version of this book. Text Appearing Before Image: ^l Airtj^Jem Mam.,nuiialt2;. Text Appearing After Image: 1 .(Jrtl«^ rrassiranfJaftis iAr Urm/ ffa/aj;t> 2 .]kfik«tel«ilutrocepliat«L iAe fP'iUe Fi'sen ^ Mr /timers jMiisloJa Julra Li-rtsilipusis /Af ~^/mrriran ^ ^er .i.Koali CinciT-a d^~ >i/i eofaurr^ A'/'n/n Note About Images Please note that these images are extracted from scanned page images that may have been digitally enhanced for readability - coloration and appearance of these illustrations may not perfectly resemble the original work.",,,,
49832740,"File:Ariranha, Parque Nacional do Pantanal Matogrossense.jpg","https://commons.wikimedia.org/wiki/File:Ariranha,_Parque_Nacional_do_Pantanal_Matogrossense.jpg",https://upload.wikimedia.org/wikipedia/commons/thumb/3/33/Ariranha%2C_Parque_Nacional_do_Pantanal_Matogrossense.jpg/1280px-Ariranha%2C_Parque_Nacional_do_Pantanal_Matogrossense.jpg,https://upload.wikimedia.org/wikipedia/commons/3/33/Ariranha%2C_Parque_Nacional_do_Pantanal_Matogrossense.jpg,CC BY-SA 4.0,https://creativecommons.org/licenses/by-sa/4.0,Giovanna Colombi,2016-07-01T02:31:13Z,4752,3168,1445894,image/jpeg,Registro de uma ariranha comendo um peixe.,-17.650000,-57.433333,Pantanal,"Pantanal, Brazil"
3338152,File:Ariranha-Otter Fellausschnitt.jpg,https://commons.wikimedia.org/wiki/File:Ariranha-Otter_Fellausschnitt.jpg,https://upload.wikimedia.org/wikipedia/commons/thumb/5/56/Ariranha-Otter_Fellausschnitt.jpg/1280px-Ariranha-Otter_Fellausschnitt.jpg,https://upload.wikimedia.org/wikipedia/commons/5/56/Ariranha-Otter_Fellausschnitt.jpg,Public domain,,Klaus-Peter Kuhn,2008-01-04T19:33:40Z,1536,2048,905313,image/jpeg,"Arianha-Otter (südamerikanischer Riesenotter, Pteronura brasiliensis , (Gmelin)) - geschützte Art)), ca. 30 Jahre altes Fell (aus ca. 1967)",,,,
5761966,File:Ariranha loutre geante.JPG,https://commons.wikimedia.org/wiki/File:Ariranha_loutre_geante.JPG,https://upload.wikimedia.org/wikipedia/commons/thumb/7/79/Ariranha_loutre_geante.JPG/1280px-Ariranha_loutre_geante.JPG,https://upload.wikimedia.org/wikipedia/commons/7/79/Ariranha_loutre_geante.JPG,Public domain,,Renaudsechet,2009-01-21T15:54:18Z,2071,851,144176,image/jpeg,Nutria gigante,,,,
24211619,File:DSCN6057 (6260213307).jpg,https://commons.wikimedia.org/wiki/File:DSCN6057_(6260213307).jpg,https://upload.wikimedia.org/wikipedia/commons/a/ac/DSCN6057_%286260213307%29.jpg,https://upload.wikimedia.org/wikipedia/commons/a/ac/DSCN6057_%286260213307%29.jpg,CC BY 2.0,https://creativecommons.org/licenses/by/2.0,Jonathan (Jon) Armbruster,2013-01-26T10:31:48Z,1024,768,364311,image/jpeg,DSCN6057,,,,
152408571,File:Excursão pelo Rio Paraguai em Cáceres (Mato Grosso) 107.jpg,https://commons.wikimedia.org/wiki/File:Excurs%C3%A3o_pelo_Rio_Paraguai_em_C%C3%A1ceres_(Mato_Grosso)_107.jpg,https://upload.wikimedia.org/wikipedia/commons/thumb/c/cb/Excurs%C3%A3o_pelo_Rio_Paraguai_em_C%C3%A1ceres_%28Mato_Grosso%29_107.jpg/1280px-Excurs%C3%A3o_pelo_Rio_Paraguai_em_C%C3%A1ceres_%28Mato_Grosso%29_107.jpg,https://upload.wikimedia.org/wikipedia/commons/c/cb/Excurs%C3%A3o_pelo_Rio_Paraguai_em_C%C3%A1ceres_%28Mato_Grosso%29_107.jpg,CC BY-SA 4.0,https://creativecommons.org/licenses/by-sa/4.0,Túllio F,2024-09-09T05:09:03Z,3771,2636,7546023,image/jpeg,Fotos de fauna e flora durante a Excursão pelo Rio Paraguai em Cáceres (Mato Grosso) dos wikimedistas durante o Wiki Ocupa Cáceres 2024,,,Mato Grosso,"Mato Grosso, Brazil"
152408573,File:Excursão pelo Rio Paraguai em Cáceres (Mato Grosso) 108.jpg,https://commons.wikimedia.org/wiki/File:Excurs%C3%A3o_pelo_Rio_Paraguai_em_C%C3%A1ceres_(Mato_Grosso)_108.jpg,https://upload.wikimedia.org/wikipedia/commons/thumb/e/e2/Excurs%C3%A3o_pelo_Rio_Paraguai_em_C%C3%A1ceres_%28Mato_Grosso%29_108.jpg/1280px-Excurs%C3%A3o_pelo_Rio_Paraguai_em_C%C3%A1ceres_%28Mato_Grosso%29_108.jpg,https://upload.wikimedia.org/wikipedia/commons/e/e2/Excurs%C3%A3o_pelo_Rio_Paraguai_em_C%C3%A1ceres_%28Mato_Grosso%29_108.jpg,CC BY-SA 4.0,https://creativecommons.org/licenses/by-sa/4.0,Túllio F,2024-09-09T05:09:04Z,4608,3072,14148675,image/jpeg,Fotos de fauna e flora durante a Excursão pelo Rio Paraguai em Cáceres (Mato Grosso) dos wikimedistas durante o Wiki Ocupa Cáceres 2024,,,Mato Grosso,"Mato Grosso, Brazil"
152408572,File:Excursão pelo Rio Paraguai em Cáceres (Mato Grosso) 109.jpg,https://commons.wikimedia.org/wiki/File:Excurs%C3%A3o_pelo_Rio_Paraguai_em_C%C3%A1ceres_(Mato_Grosso)_109.jpg,https://upload.wikimedia.org/wikipedia/commons/thumb/9/9a/Excurs%C3%A3o_pelo_Rio_Paraguai_em_C%C3%A1ceres_%28Mato_Grosso%29_109.jpg/1280px-Excurs%C3%A3o_pelo_Rio_Paraguai_em_C%C3%A1ceres_%28Mato_Grosso%29_109.jpg,https://upload.wikimedia.org/wikipedia/commons/9/9a/Excurs%C3%A3o_pelo_Rio_Paraguai_em_C%C3%A1ceres_%28Mato_Grosso%29_109.jpg,CC BY-SA 4.0,https://creativecommons.org/licenses/by-sa/4.0,Túllio F,2024-09-09T05:09:04Z,3436,2291,7011844,image/jpeg,Fotos de fauna e flora durante a Excursão pelo Rio Paraguai em Cáceres (Mato Grosso) dos wikimedistas durante o Wiki Ocupa Cáceres 2024,,,Mato Grosso,"Mato Grosso, Brazil"
152408634,File:Excursão pelo Rio Paraguai em Cáceres (Mato Grosso) 152.jpg,https://commons.wikimedia.org/wiki/File:Excurs%C3%A3o_pelo_Rio_Paraguai_em_C%C3%A1ceres_(Mato_Grosso)_152.jpg,https://upload.wikimedia.org/wikipedia/commons/thumb/3/33/Excurs%C3%A3o_pelo_Rio_Paraguai_em_C%C3%A1ceres_%28Mato_Grosso%29_152.jpg/1280px-Excurs%C3%A3o_pelo_Rio_Paraguai_em_C%C3%A1ceres_%28Mato_Grosso%29_152.jpg,https://upload.wikimedia.org/wikipedia/commons/3/33/Excurs%C3%A3o_pelo_Rio_Paraguai_em_C%C3%A1ceres_%28Mato_Grosso%29_152.jpg,CC BY-SA 4.0,https://creativecommons.org/licenses/by-sa/4.0,Túllio F,2024-09-09T05:10:07Z,3239,2615,8923109,image/jpeg,Fotos de fauna e flora durante a Excursão pelo Rio Paraguai em Cáceres (Mato Grosso) dos wikimedistas durante o Wiki Ocupa Cáceres 2024,,,Mato Grosso,"Mato Grosso, Brazil"
152408637,File:Excursão pelo Rio Paraguai em Cáceres (Mato Grosso) 153.jpg,https://commons.wikimedia.org/wiki/File:Excurs%C3%A3o_pelo_Rio_Paraguai_em_C%C3%A1ceres_(Mato_Grosso)_153.jpg,https://upload.wikimedia.org/wikipedia/commons/thumb/5/5d/Excurs%C3%A3o_pelo_Rio_Paraguai_em_C%C3%A1ceres_%28Mato_Grosso%29_153.jpg/1280px-Excurs%C3%A3o_pelo_Rio_Paraguai_em_C%C3%A1ceres_%28Mato_Grosso%29_153.jpg,https://upload.wikimedia.org/wikipedia/commons/5/5d/Excurs%C3%A3o_pelo_Rio_Paraguai_em_C%C3%A1ceres_%28Mato_Grosso%29_153.jpg,CC BY-SA 4.0,https://creativecommons.org/licenses/by-sa/4.0,Túllio F,2024-09-09T05:10:11Z,3029,2961,8476435,image/jpeg,Fotos de fauna e flora durante a Excursão pelo Rio Paraguai em Cáceres (Mato Grosso) dos wikimedistas durante o Wiki Ocupa Cáceres 2024,,,Mato Grosso,"Mato Grosso, Brazil"
152408639,File:Excursão pelo Rio Paraguai em Cáceres (Mato Grosso) 154.jpg,https://commons.wikimedia.org/wiki/File:Excurs%C3%A3o_pelo_Rio_Paraguai_em_C%C3%A1ceres_(Mato_Grosso)_154.jpg,https://upload.wikimedia.org/wikipedia/commons/thumb/a/aa/Excurs%C3%A3o_pelo_Rio_Paraguai_em_C%C3%A1ceres_%28Mato_Grosso%29_154.jpg/1280px-Excurs%C3%A3o_pelo_Rio_Paraguai_em_C%C3%A1ceres_%28Mato_Grosso%29_154.jpg,https://upload.wikimedia.org/wikipedia/commons/a/aa/Excurs%C3%A3o_pelo_Rio_Paraguai_em_C%C3%A1ceres_%28Mato_Grosso%29_154.jpg,CC BY-SA 4.0,https://creativecommons.org/licenses/by-sa/4.0,Túllio F,2024-09-09T05:10:12Z,4608,3072,12848193,image/jpeg,Fotos de fauna e flora durante a Excursão pelo Rio Paraguai em Cáceres (Mato Grosso) dos wikimedistas durante o Wiki Ocupa Cáceres 2024,,,Mato Grosso,"Mato Grosso, Brazil"
152724435,File:Excursão pelo Rio Paraguai em Cáceres (Mato Grosso) 328.jpg,https://commons.wikimedia.org/wiki/File:Excurs%C3%A3o_pelo_Rio_Paraguai_em_C%C3%A1ceres_(Mato_Grosso)_328.jpg,https://upload.wikimedia.org/wikipedia/commons/thumb/4/48/Excurs%C3%A3o_pelo_Rio_Paraguai_em_C%C3%A1ceres_%28Mato_Grosso%29_328.jpg/1280px-Excurs%C3%A3o_pelo_Rio_Paraguai_em_C%C3%A1ceres_%28Mato_Grosso%29_328.jpg,https://upload.wikimedia.org/wikipedia/commons/4/48/Excurs%C3%A3o_pelo_Rio_Paraguai_em_C%C3%A1ceres_%28Mato_Grosso%29_328.jpg,CC BY-SA 4.0,https://creativecommons.org/licenses/by-sa/4.0,Túllio F,2024-09-16T16:05:19Z,4608,3072,10591880,image/jpeg,Excursão pelo Rio Paraguai em Cáceres (Mato Grosso) dos wikimedistas durante o Wiki Ocupa Cáceres 2024,,,Mato Grosso,"Mato Grosso, Brazil"
152724437,File:Excursão pelo Rio Paraguai em Cáceres (Mato Grosso) 329.jpg,https://commons.wikimedia.org/wiki/File:Excurs%C3%A3o_pelo_Rio_Paraguai_em_C%C3%A1ceres_(Mato_Grosso)_329.jpg,https://upload.wikimedia.org/wikipedia/commons/thumb/1/1d/Excurs%C3%A3o_pelo_Rio_Paraguai_em_C%C3%A1ceres_%28Mato_Grosso%29_329.jpg/1280px-Excurs%C3%A3o_pelo_Rio_Paraguai_em_C%C3%A1ceres_%28Mato_Grosso%29_329.jpg,https://upload.wikimedia.org/wikipedia/commons/1/1d/Excurs%C3%A3o_pelo_Rio_Paraguai_em_C%C3%A1ceres_%28Mato_Grosso%29_329.jpg,CC BY-SA 4.0,https://creativecommons.org/licenses/by-sa/4.0,Túllio F,2024-09-16T16:05:20Z,4608,3072,12232903,image/jpeg,Excursão pelo Rio Paraguai em Cáceres (Mato Grosso) dos wikimedistas durante o Wiki Ocupa Cáceres 2024,,,Mato Grosso,"Mato Grosso, Brazil"
152724439,File:Excursão pelo Rio Paraguai em Cáceres (Mato Grosso) 330.jpg,https://commons.wikimedia.org/wiki/File:Excurs%C3%A3o_pelo_Rio_Paraguai_em_C%C3%A1ceres_(Mato_Grosso)_330.jpg,https://upload.wikimedia.org/wikipedia/commons/thumb/9/93/Excurs%C3%A3o_pelo_Rio_Paraguai_em_C%C3%A1ceres_%28Mato_Grosso%29_330.jpg/1280px-Excurs%C3%A3o_pelo_Rio_Paraguai_em_C%C3%A1ceres_%28Mato_Grosso%29_330.jpg,https://upload.wikimedia.org/wikipedia/commons/9/93/Excurs%C3%A3o_pelo_Rio_Paraguai_em_C%C3%A1ceres_%28Mato_Grosso%29_330.jpg,CC BY-SA 4.0,https://creativecommons.org/licenses/by-sa/4.0,Túllio F,2024-09-16T16:05:24Z,4608,3072,11789168,image/jpeg,Excursão pelo Rio Paraguai em Cáceres (Mato Grosso) dos wikimedistas durante o Wiki Ocupa Cáceres 2024,,,Mato Grosso,"Mato Grosso, Brazil"
152724440,File:Excursão pelo Rio Paraguai em Cáceres (Mato Grosso) 331.jpg,https://commons.wikimedia.org/wiki/File:Excurs%C3%A3o_pelo_Rio_Paraguai_em_C%C3%A1ceres_(Mato_Grosso)_331.jpg,https://upload.wikimedia.org/wikipedia/commons/thumb/f/fe/Excurs%C3%A3o_pelo_Rio_Paraguai_em_C%C3%A1ceres_%28Mato_Grosso%29_331.jpg/1280px-Excurs%C3%A3o_pelo_Rio_Paraguai_em_C%C3%A1ceres_%28Mato_Grosso%29_331.jpg,https://upload.wikimedia.org/wikipedia/commons/f/fe/Excurs%C3%A3o_pelo_Rio_Paraguai_em_C%C3%A1ceres_%28Mato_Grosso%29_331.jpg,CC BY-SA 4.0,https://creativecommons.org/licenses/by-sa/4.0,Túllio F,2024-09-16T16:05:24Z,4608,3072,11725444,image/jpeg,Excursão pelo Rio Paraguai em Cáceres (Mato Grosso) dos wikimedistas durante o Wiki Ocupa Cáceres 2024,,,Mato Grosso,"Mato Grosso, Brazil"
152724444,File:Excursão pelo Rio Paraguai em Cáceres (Mato Grosso) 332.jpg,https://commons.wikimedia.org/wiki/File:Excurs%C3%A3o_pelo_Rio_Paraguai_em_C%C3%A1ceres_(Mato_Grosso)_332.jpg,https://upload.wikimedia.org/wikipedia/commons/thumb/d/d3/Excurs%C3%A3o_pelo_Rio_Paraguai_em_C%C3%A1ceres_%28Mato_Grosso%29_332.jpg/1280px-Excurs%C3%A3o_pelo_Rio_Paraguai_em_C%C3%A1ceres_%28Mato_Grosso%29_332.jpg,https://upload.wikimedia.org/wikipedia/commons/d/d3/Excurs%C3%A3o_pelo_Rio_Paraguai_em_C%C3%A1ceres_%28Mato_Grosso%29_332.jpg,CC BY-SA 4.0,https://creativecommons.org/licenses/by-sa/4.0,Túllio F,2024-09-16T16:05:27Z,4608,3072,11823322,image/jpeg,Excursão pelo Rio Paraguai em Cáceres (Mato Grosso) dos wikimedistas durante o Wiki Ocupa Cáceres 2024,,,Mato Grosso,"Mato Grosso, Brazil"
152724448,File:Excursão pelo Rio Paraguai em Cáceres (Mato Grosso) 334.jpg,https://commons.wikimedia.org/wiki/File:Excurs%C3%A3o_pelo_Rio_Paraguai_em_C%C3%A1ceres_(Mato_Grosso)_334.jpg,https://upload.wikimedia.org/wikipedia/commons/thumb/0/0e/Excurs%C3%A3o_pelo_Rio_Paraguai_em_C%C3%A1ceres_%28Mato_Grosso%29_334.jpg/1280px-Excurs%C3%A3o_pelo_Rio_Paraguai_em_C%C3%A1ceres_%28Mato_Grosso%29_334.jpg,https://upload.wikimedia.org/wikipedia/commons/0/0e/Excurs%C3%A3o_pelo_Rio_Paraguai_em_C%C3%A1ceres_%28Mato_Grosso%29_334.jpg,CC BY-SA 4.0,https://creativecommons.org/licenses/by-sa/4.0,Túllio F,2024-09-16T16:05:30Z,4608,3072,11710570,image/jpeg,Excursão pelo Rio Paraguai em Cáceres (Mato Grosso) dos wikimedistas durante o Wiki Ocupa Cáceres 2024,,,Mato Grosso,"Mato Grosso, Brazil"
152724451,File:Excursão pelo Rio Paraguai em Cáceres (Mato Grosso) 335.jpg,https://commons.wikimedia.org/wiki/File:Excurs%C3%A3o_pelo_Rio_Paraguai_em_C%C3%A1ceres_(Mato_Grosso)_335.jpg,https://upload.wikimedia.org/wikipedia/commons/thumb/c/c6/Excurs%C3%A3o_pelo_Rio_Paraguai_em_C%C3%A1ceres_%28Mato_Grosso%29_335.jpg/1280px-Excurs%C3%A3o_pelo_Rio_Paraguai_em_C%C3%A1ceres_%28Mato_Grosso%29_335.jpg,https://upload.wikimedia.org/wikipedia/commons/c/c6/Excurs%C3%A3o_pelo_Rio_Paraguai_em_C%C3%A1ceres_%28Mato_Grosso%29_335.jpg,CC BY-SA 4.0,https://creativecommons.org/licenses/by-sa/4.0,Túllio F,2024-09-16T16:05:34Z,4608,3072,12029209,image/jpeg,Excursão pelo Rio Paraguai em Cáceres (Mato Grosso) dos wikimedistas durante o Wiki Ocupa Cáceres 2024,,,Mato Grosso,"Mato Grosso, Brazil"
152724460,File:Excursão pelo Rio Paraguai em Cáceres (Mato Grosso) 336.jpg,https://commons.wikimedia.org/wiki/File:Excurs%C3%A3o_pelo_Rio_Paraguai_em_C%C3%A1ceres_(Mato_Grosso)_336.jpg,https://upload.wikimedia.org/wikipedia/commons/thumb/6/61/Excurs%C3%A3o_pelo_Rio_Paraguai_em_C%C3%A1ceres_%28Mato_Grosso%29_336.jpg/1280px-Excurs%C3%A3o_pelo_Rio_Paraguai_em_C%C3%A1ceres_%28Mato_Grosso%29_336.jpg,https://upload.wikimedia.org/wikipedia/commons/6/61/Excurs%C3%A3o_pelo_Rio_Paraguai_em_C%C3%A1ceres_%28Mato_Grosso%29_336.jpg,CC BY-SA 4.0,https://creativecommons.org/licenses/by-sa/4.0,Túllio F,2024-09-16T16:05:36Z,4608,3072,11320492,image/jpeg,Excursão pelo Rio Paraguai em Cáceres (Mato Grosso) dos wikimedistas durante o Wiki Ocupa Cáceres 2024,,,Mato Grosso,"Mato Grosso, Brazil"
152725323,File:Excursão pelo Rio Paraguai em Cáceres (Mato Grosso) 343.jpg,https://commons.wikimedia.org/wiki/File:Excurs%C3%A3o_pelo_Rio_Paraguai_em_C%C3%A1ceres_(Mato_Grosso)_343.jpg,https://upload.wikimedia.org/wikipedia/commons/thumb/6/6b/Excurs%C3%A3o_pelo_Rio_Paraguai_em_C%C3%A1ceres_%28Mato_Grosso%29_343.jpg/1280px-Excurs%C3%A3o_pelo_Rio_Paraguai_em_C%C3%A1ceres_%28Mato_Grosso%29_343.jpg,https://upload.wikimedia.org/wikipedia/commons/6/6b/Excurs%C3%A3o_pelo_Rio_Paraguai_em_C%C3%A1ceres_%28Mato_Grosso%29_343.jpg,CC BY-SA 4.0,https://creativecommons.org/licenses/by-sa/4.0,Túllio F,2024-09-16T16:28:19Z,4608,3072,12220859,image/jpeg,Excursão pelo Rio Paraguai em Cáceres (Mato Grosso) dos wikimedistas durante o Wiki Ocupa Cáceres 2024,,,Mato Grosso,"Mato Grosso, Brazil"
152725324,File:Excursão pelo Rio Paraguai em Cáceres (Mato Grosso) 345.jpg,https://commons.wikimedia.org/wiki/File:Excurs%C3%A3o_pelo_Rio_Paraguai_em_C%C3%A1ceres_(Mato_Grosso)_345.jpg,https://upload.wikimedia.org/wikipedia/commons/thumb/2/28/Excurs%C3%A3o_pelo_Rio_Paraguai_em_C%C3%A1ceres_%28Mato_Grosso%29_345.jpg/1280px-Excurs%C3%A3o_pelo_Rio_Paraguai_em_C%C3%A1ceres_%28Mato_Grosso%29_345.jpg,https://upload.wikimedia.org/wikipedia/commons/2/28/Excurs%C3%A3o_pelo_Rio_Paraguai_em_C%C3%A1ceres_%28Mato_Grosso%29_345.jpg,CC BY-SA 4.0,https://creativecommons.org/licenses/by-sa/4.0,Túllio F,2024-09-16T16:28:18Z,4608,3072,9022012,image/jpeg,Excursão pelo Rio Paraguai em Cáceres (Mato Grosso) dos wikimedistas durante o Wiki Ocupa Cáceres 2024,,,Mato Grosso,"Mato Grosso, Brazil"
152725329,File:Excursão pelo Rio Paraguai em Cáceres (Mato Grosso) 346.jpg,https://commons.wikimedia.org/wiki/File:Excurs%C3%A3o_pelo_Rio_Paraguai_em_C%C3%A1ceres_(Mato_Grosso)_346.jpg,https://upload.wikimedia.org/wikipedia/commons/thumb/7/71/Excurs%C3%A3o_pelo_Rio_Paraguai_em_C%C3%A1ceres_%28Mato_Grosso%29_346.jpg/1280px-Excurs%C3%A3o_pelo_Rio_Paraguai_em_C%C3%A1ceres_%28Mato_Grosso%29_346.jpg,https://upload.wikimedia.org/wikipedia/commons/7/71/Excurs%C3%A3o_pelo_Rio_Paraguai_em_C%C3%A1ceres_%28Mato_Grosso%29_346.jpg,CC BY-SA 4.0,https://creativecommons.org/licenses/by-sa/4.0,Túllio F,2024-09-16T16:28:23Z,4608,3072,9361988,image/jpeg,Excursão pelo Rio Paraguai em Cáceres (Mato Grosso) dos wikimedistas durante o Wiki Ocupa Cáceres 2024,,,Mato Grosso,"Mato Grosso, Brazil"
152725330,File:Excursão pelo Rio Paraguai em Cáceres (Mato Grosso) 347.jpg,https://commons.wikimedia.org/wiki/File:Excurs%C3%A3o_pelo_Rio_Paraguai_em_C%C3%A1ceres_(Mato_Grosso)_347.jpg,https://upload.wikimedia.org/wikipedia/commons/thumb/0/0a/Excurs%C3%A3o_pelo_Rio_Paraguai_em_C%C3%A1ceres_%28Mato_Grosso%29_347.jpg/1280px-Excurs%C3%A3o_pelo_Rio_Paraguai_em_C%C3%A1ceres_%28Mato_Grosso%29_347.jpg,https://upload.wikimedia.org/wikipedia/commons/0/0a/Excurs%C3%A3o_pelo_Rio_Paraguai_em_C%C3%A1ceres_%28Mato_Grosso%29_347.jpg,CC BY-SA 4.0,https://creativecommons.org/licenses/by-sa/4.0,Túllio F,2024-09-16T16:28:24Z,4608,3072,9971553,image/jpeg,Excursão pelo Rio Paraguai em Cáceres (Mato Grosso) dos wikimedistas durante o Wiki Ocupa Cáceres 2024,,,Mato Grosso,"Mato Grosso, Brazil"
152725332,File:Excursão pelo Rio Paraguai em Cáceres (Mato Grosso) 348.jpg,https://commons.wikimedia.org/wiki/File:Excurs%C3%A3o_pelo_Rio_Paraguai_em_C%C3%A1ceres_(Mato_Grosso)_348.jpg,https://upload.wikimedia.org/wikipedia/commons/thumb/7/7e/Excurs%C3%A3o_pelo_Rio_Paraguai_em_C%C3%A1ceres_%28Mato_Grosso%29_348.jpg/1280px-Excurs%C3%A3o_pelo_Rio_Paraguai_em_C%C3%A1ceres_%28Mato_Grosso%29_348.jpg,https://upload.wikimedia.org/wikipedia/commons/7/7e/Excurs%C3%A3o_pelo_Rio_Paraguai_em_C%C3%A1ceres_%28Mato_Grosso%29_348.jpg,CC BY-SA 4.0,https://creativecommons.org/licenses/by-sa/4.0,Túllio F,2024-09-16T16:28:24Z,4608,3072,10909198,image/jpeg,Excursão pelo Rio Paraguai em Cáceres (Mato Grosso) dos wikimedistas durante o Wiki Ocupa Cáceres 2024,,,Mato Grosso,"Mato Grosso, Brazil"
152725337,File:Excursão pelo Rio Paraguai em Cáceres (Mato Grosso) 351.jpg,https://commons.wikimedia.org/wiki/File:Excurs%C3%A3o_pelo_Rio_Paraguai_em_C%C3%A1ceres_(Mato_Grosso)_351.jpg,https://upload.wikimedia.org/wikipedia/commons/thumb/a/af/Excurs%C3%A3o_pelo_Rio_Paraguai_em_C%C3%A1ceres_%28Mato_Grosso%29_351.jpg/1280px-Excurs%C3%A3o_pelo_Rio_Paraguai_em_C%C3%A1ceres_%28Mato_Grosso%29_351.jpg,https://upload.wikimedia.org/wikipedia/commons/a/af/Excurs%C3%A3o_pelo_Rio_Paraguai_em_C%C3%A1ceres_%28Mato_Grosso%29_351.jpg,CC BY-SA 4.0,https://creativecommons.org/licenses/by-sa/4.0,Túllio F,2024-09-16T16:28:29Z,4608,3072,9835452,image/jpeg,Excursão pelo Rio Paraguai em Cáceres (Mato Grosso) dos wikimedistas durante o Wiki Ocupa Cáceres 2024,,,Mato Grosso,"Mato Grosso, Brazil"
152725338,File:Excursão pelo Rio Paraguai em Cáceres (Mato Grosso) 352.jpg,https://commons.wikimedia.org/wiki/File:Excurs%C3%A3o_pelo_Rio_Paraguai_em_C%C3%A1ceres_(Mato_Grosso)_352.jpg,https://upload.wikimedia.org/wikipedia/commons/thumb/7/73/Excurs%C3%A3o_pelo_Rio_Paraguai_em_C%C3%A1ceres_%28Mato_Grosso%29_352.jpg/1280px-Excurs%C3%A3o_pelo_Rio_Paraguai_em_C%C3%A1ceres_%28Mato_Grosso%29_352.jpg,https://upload.wikimedia.org/wikipedia/commons/7/73/Excurs%C3%A3o_pelo_Rio_Paraguai_em_C%C3%A1ceres_%28Mato_Grosso%29_352.jpg,CC BY-SA 4.0,https://creativecommons.org/licenses/by-sa/4.0,Túllio F,2024-09-16T16:28:32Z,4608,3072,9758908,image/jpeg,Excursão pelo Rio Paraguai em Cáceres (Mato Grosso) dos wikimedistas durante o Wiki Ocupa Cáceres 2024,,,Mato Grosso,"Mato Grosso, Brazil"
18771742,File:Four Giant Otters.JPG,https://commons.wikimedia.org/wiki/File:Four_Giant_Otters.JPG,https://upload.wikimedia.org/wikipedia/commons/thumb/8/89/Four_Giant_Otters.JPG/1280px-Four_Giant_Otters.JPG,https://upload.wikimedia.org/wikipedia/commons/8/89/Four_Giant_Otters.JPG,CC BY 3.0,https://creativecommons.org/licenses/by/3.0,Araguaia.org / Rio Cicica at en.wikipedia,2012-03-20T23:07:36Z,2309,1443,1626653,image/jpeg,"Four giant otters (Pteronura brasiliensis) emerge from the water on a riverbank in Cantão State Park, in the Araguaia wetlands of central Brazil. This picture was taken by researchers from the Instituto Araguaia, which has been studying this particular group of otters in Cantão since 2010. These four otters are part of a larger group, and emerged from the water at this spot in order to scent mark on the riverbank.",,,Cantão,"Parque Estadual do Cantão, Tocantins, Brazil"
34660963,File:Giant Otter (8016054171) (2).jpg,https://commons.wikimedia.org/wiki/File:Giant_Otter_(8016054171)_(2).jpg,https://upload.wikimedia.org/wikipedia/commons/thumb/f/f4/Giant_Otter_%288016054171%29_%282%29.jpg/1280px-Giant_Otter_%288016054171%29_%282%29.jpg,https://upload.wikimedia.org/wikipedia/commons/f/f4/Giant_Otter_%288016054171%29_%282%29.jpg,CC BY-SA 2.0,https://creativecommons.org/licenses/by-sa/2.0,"Alastair Rae from London, United Kingdom",2014-08-11T00:28:52Z,4272,2848,1726470,image/jpeg,This individual was far from shy - swimming up to the boat and begging noisily for fish.,,,,
50429018,File:Giant Otter (Pteronura brasiliensis) eating some fish ... (28652741016).jpg,https://commons.wikimedia.org/wiki/File:Giant_Otter_(Pteronura_brasiliensis)_eating_some_fish_..._(28652741016).jpg,https://upload.wikimedia.org/wikipedia/commons/thumb/8/8a/Giant_Otter_%28Pteronura_brasiliensis%29_eating_some_fish_..._%2828652741016%29.jpg/1280px-Giant_Otter_%28Pteronura_brasiliensis%29_eating_some_fish_..._%2828652741016%29.jpg,https://upload.wikimedia.org/wikipedia/commons/8/8a/Giant_Otter_%28Pteronura_brasiliensis%29_eating_some_fish_..._%2828652741016%29.jpg,CC BY-SA 2.0,https://creativecommons.org/licenses/by-sa/2.0,Bernard DUPONT from FRANCE,2016-08-01T03:44:28Z,4159,3018,6701204,image/jpeg,"Giant otter at Piquiri River, Porto Jofre area, Pantanal, Poconé, Mato Grosso, Brazil.",,,Mato Grosso,"Mato Grosso, Brazil"
81033170,File:Giant Otter (Pteronura brasiliensis) with a Vermiculated Sailfin Catfish (Pterygoplichthys disjunctivus) (48413963221).jpg,https://commons.wikimedia.org/wiki/File:Giant_Otter_(Pteronura_brasiliensis)_with_a_Vermiculated_Sailfin_Catfish_(Pterygoplichthys_disjunctivus)_(48413963221).jpg,https://upload.wikimedia.org/wikipedia/commons/thumb/5/5c/Giant_Otter_%28Pteronura_brasiliensis%29_with_a_Vermiculated_Sailfin_Catfish_%28Pterygoplichthys_disjunctivus%29_%2848413963221%29.jpg/1280px-Giant_Otter_%28Pteronura_brasiliensis%29_with_a_Vermiculated_Sailfin_Catfish_%28Pterygoplichthys_disjunctivus%29_%2848413963221%29.jpg,https://upload.wikimedia.org/wikipedia/commons/5/5c/Giant_Otter_%28Pteronura_brasiliensis%29_with_a_Vermiculated_Sailfin_Catfish_%28Pterygoplichthys_disjunctivus%29_%2848413963221%29.jpg,CC BY-SA 2.0,https://creativecommons.org/licenses/by-sa/2.0,Bernard DUPONT from FRANCE,2019-08-04T15:09:11Z,3688,2390,10123336,image/jpeg,"Cuiaba River, Porto Jofre, Transpantaneira, Poconé, Mato Grosso, BRAZIL",,,Mato Grosso,"Mato Grosso, Brazil"
81033169,File:Giant Otter (Pteronura brasiliensis) with a Vermiculated Sailfin Catfish (Pterygoplichthys disjunctivus) (48414033621).jpg,https://commons.wikimedia.org/wiki/File:Giant_Otter_(Pteronura_brasiliensis)_with_a_Vermiculated_Sailfin_Catfish_(Pterygoplichthys_disjunctivus)_(48414033621).jpg,https://upload.wikimedia.org/wikipedia/commons/thumb/6/6b/Giant_Otter_%28Pteronura_brasiliensis%29_with_a_Vermiculated_Sailfin_Catfish_%28Pterygoplichthys_disjunctivus%29_%2848414033621%29.jpg/1280px-Giant_Otter_%28Pteronura_brasiliensis%29_with_a_Vermiculated_Sailfin_Catfish_%28Pterygoplichthys_disjunctivus%29_%2848414033621%29.jpg,https://upload.wikimedia.org/wikipedia/commons/6/6b/Giant_Otter_%28Pteronura_brasiliensis%29_with_a_Vermiculated_Sailfin_Catfish_%28Pterygoplichthys_disjunctivus%29_%2848414033621%29.jpg,CC BY-SA 2.0,https://creativecommons.org/licenses/by-sa/2.0,Bernard DUPONT from FRANCE,2019-08-04T15:09:11Z,4362,2608,11028646,image/jpeg,"Cuiaba River, Porto Jofre, Transpantaneira, Poconé, Mato Grosso, BRAZIL",,,Mato Grosso,"Mato Grosso, Brazil"
18201006,File:Giant Otter Den.JPG,https://commons.wikimedia.org/wiki/File:Giant_Otter_Den.JPG,https://upload.wikimedia.org/wikipedia/commons/thumb/c/c1/Giant_Otter_Den.JPG/1280px-Giant_Otter_Den.JPG,https://upload.wikimedia.org/wikipedia/commons/c/c1/Giant_Otter_Den.JPG,CC BY 3.0,https://creativecommons.org/licenses/by/3.0,Araguaia.org / Rio Cicica at en.wikipedia,2012-01-29T00:15:09Z,4000,3000,6688521,image/jpeg,"A giant otter (Pteronura brasiliensis) den on a lake shore in Cantão State Park, in the Araguaia wetlands of central Brazil.",,,Cantão,"Parque Estadual do Cantão, Tocantins, Brazil"
81032733,File:Giant Otters (Pteronura brasiliensis) family group ... (48426471236).jpg,https://commons.wikimedia.org/wiki/File:Giant_Otters_(Pteronura_brasiliensis)_family_group_..._(48426471236).jpg,https://upload.wikimedia.org/wikipedia/commons/thumb/e/ec/Giant_Otters_%28Pteronura_brasiliensis%29_family_group_..._%2848426471236%29.jpg/1280px-Giant_Otters_%28Pteronura_brasiliensis%29_family_group_..._%2848426471236%29.jpg,https://upload.wikimedia.org/wikipedia/commons/e/ec/Giant_Otters_%28Pteronura_brasiliensis%29_family_group_..._%2848426471236%29.jpg,CC BY-SA 2.0,https://creativecommons.org/licenses/by-sa/2.0,Bernard DUPONT from FRANCE,2019-08-04T14:54:38Z,4753,2359,8096187,image/jpeg,"Cuiaba River, Porto Jofre, Transpantaneira, Poconé, Mato Grosso, BRAZIL",,,Mato Grosso,"Mato Grosso, Brazil"
81032729,File:Giant Otters (Pteronura brasiliensis) family group ... (48426645757).jpg,https://commons.wikimedia.org/wiki/File:Giant_Otters_(Pteronura_brasiliensis)_family_group_..._(48426645757).jpg,https://upload.wikimedia.org/wikipedia/commons/thumb/5/57/Giant_Otters_%28Pteronura_brasiliensis%29_family_group_..._%2848426645757%29.jpg/1280px-Giant_Otters_%28Pteronura_brasiliensis%29_family_group_..._%2848426645757%29.jpg,https://upload.wikimedia.org/wikipedia/commons/5/57/Giant_Otters_%28Pteronura_brasiliensis%29_family_group_..._%2848426645757%29.jpg,CC BY-SA 2.0,https://creativecommons.org/licenses/by-sa/2.0,Bernard DUPONT from FRANCE,2019-08-04T14:54:33Z,4599,2488,8025915,image/jpeg,"Cuiaba River, Porto Jofre, Transpantaneira, Poconé, Mato Grosso, BRAZIL",,,Mato Grosso,"Mato Grosso, Brazil"
81033164,"File:Giant Otters (Pteronura brasiliensis) playing (?), fighting (?) ... (48414190576).jpg","https://commons.wikimedia.org/wiki/File:Giant_Otters_(Pteronura_brasiliensis)_playing_(%3F),_fighting_(%3F)_..._(48414190576).jpg",https://upload.wikimedia.org/wikipedia/commons/thumb/c/c7/Giant_Otters_%28Pteronura_brasiliensis%29_playing_%28%3F%29%2C_fighting_%28%3F%29_..._%2848414190576%29.jpg/1280px-Giant_Otters_%28Pteronura_brasiliensis%29_playing_%28%3F%29%2C_fighting_%28%3F%29_..._%2848414190576%29.jpg,https://upload.wikimedia.org/wikipedia/commons/c/c7/Giant_Otters_%28Pteronura_brasiliensis%29_playing_%28%3F%29%2C_fighting_%28%3F%29_..._%2848414190576%29.jpg,CC BY-SA 2.0,https://creativecommons.org/licenses/by-sa/2.0,Bernard DUPONT from FRANCE,2019-08-04T15:09:02Z,4045,2231,8071668,image/jpeg,"Cuiaba River, Porto Jofre, Transpantaneira, Poconé, Mato Grosso, BRAZIL",,,Mato Grosso,"Mato Grosso, Brazil"
55001806,File:Giant Otters (Pteronura brasiliensis) quarelling ... (31724375471).jpg,https://commons.wikimedia.org/wiki/File:Giant_Otters_(Pteronura_brasiliensis)_quarelling_..._(31724375471).jpg,https://upload.wikimedia.org/wikipedia/commons/thumb/7/7b/Giant_Otters_%28Pteronura_brasiliensis%29_quarelling_..._%2831724375471%29.jpg/1280px-Giant_Otters_%28Pteronura_brasiliensis%29_quarelling_..._%2831724375471%29.jpg,https://upload.wikimedia.org/wikipedia/commons/7/7b/Giant_Otters_%28Pteronura_brasiliensis%29_quarelling_..._%2831724375471%29.jpg,CC BY-SA 2.0,https://creativecommons.org/licenses/by-sa/2.0,Bernard DUPONT from FRANCE,2017-01-13T15:57:50Z,4971,3648,11142858,image/jpeg,"Giant otters at Piquiri River, Porto Jofre area, Pantanal, Poconé, Mato Grosso, Brazil.",-17.335940,-56.661068,Mato Grosso,"Mato Grosso, Brazil"
49980099,File:Giant Otters (Pteronura brasiliensis) resting in the sun ... - Flickr - berniedup.jpg,https://commons.wikimedia.org/wiki/File:Giant_Otters_(Pteronura_brasiliensis)_resting_in_the_sun_..._-_Flickr_-_berniedup.jpg,https://upload.wikimedia.org/wikipedia/commons/thumb/f/ff/Giant_Otters_%28Pteronura_brasiliensis%29_resting_in_the_sun_..._-_Flickr_-_berniedup.jpg/1280px-Giant_Otters_%28Pteronura_brasiliensis%29_resting_in_the_sun_..._-_Flickr_-_berniedup.jpg,https://upload.wikimedia.org/wikipedia/commons/f/ff/Giant_Otters_%28Pteronura_brasiliensis%29_resting_in_the_sun_..._-_Flickr_-_berniedup.jpg,CC BY-SA 2.0,https://creativecommons.org/licenses/by-sa/2.0,Bernard DUPONT from FRANCE,2016-07-07T15:31:44Z,5472,3648,10475830,image/jpeg,"Cuiabá River, Porto Jofre, Poconé, Mato Grosso, BRAZIL",,,Mato Grosso,"Mato Grosso, Brazil"
92865919,File:Giant Otters (Pteronura brasiliensis) resting in the sun ... - Flickr - berniedup (1).jpg,https://commons.wikimedia.org/wiki/File:Giant_Otters_(Pteronura_brasiliensis)_resting_in_the_sun_..._-_Flickr_-_berniedup_(1).jpg,https://upload.wikimedia.org/wikipedia/commons/thumb/3/39/Giant_Otters_%28Pteronura_brasiliensis%29_resting_in_the_sun_..._-_Flickr_-_berniedup_%281%29.jpg/1280px-Giant_Otters_%28Pteronura_brasiliensis%29_resting_in_the_sun_..._-_Flickr_-_berniedup_%281%29.jpg,https://upload.wikimedia.org/wikipedia/commons/3/39/Giant_Otters_%28Pteronura_brasiliensis%29_resting_in_the_sun_..._-_Flickr_-_berniedup_%281%29.jpg,CC BY-SA 2.0,https://creativecommons.org/licenses/by-sa/2.0,Bernard DUPONT from FRANCE,2020-08-04T09:15:10Z,5414,3607,12682009,image/jpeg,"Rio São Lourenço, Porto Jofre, Pantanal, Poconé, Mato Grosso, BRAZIL",-17.364478,-56.766464,Mato Grosso,"Mato Grosso, Brazil"
96691377,File:Giant River Otter (13973332592).jpg,https://commons.wikimedia.org/wiki/File:Giant_River_Otter_(13973332592).jpg,https://upload.wikimedia.org/wikipedia/commons/4/4a/Giant_River_Otter_%2813973332592%29.jpg,https://upload.wikimedia.org/wikipedia/commons/4/4a/Giant_River_Otter_%2813973332592%29.jpg,CC BY 2.0,https://creativecommons.org/licenses/by/2.0,"David Stanley from Nanaimo, Canada",2020-11-23T23:43:33Z,1024,768,148386,image/jpeg,A giant river otter by the Rupununi River at Karanambu Lodge in southwestern Guyana.,3.749623,-59.308576,Karanambu,"Karanambu, Guyana"
68093645,File:Giant River Otter - IM.jpg,https://commons.wikimedia.org/wiki/File:Giant_River_Otter_-_IM.jpg,https://upload.wikimedia.org/wikipedia/commons/f/fa/Giant_River_Otter_-_IM.jpg,https://upload.wikimedia.org/wikipedia/commons/f/fa/Giant_River_Otter_-_IM.jpg,CC BY-SA 4.0,https://creativecommons.org/licenses/by-sa/4.0,Ian Markham,2018-04-06T20:59:48Z,1024,709,602110,image/jpeg,Giant River Otter eating fish,,,,
69680198,File:Giant otter (32126272736).jpg,https://commons.wikimedia.org/wiki/File:Giant_otter_(32126272736).jpg,https://upload.wikimedia.org/wikipedia/commons/thumb/a/a9/Giant_otter_%2832126272736%29.jpg/1280px-Giant_otter_%2832126272736%29.jpg,https://upload.wikimedia.org/wikipedia/commons/a/a9/Giant_otter_%2832126272736%29.jpg,CC BY 2.0,https://creativecommons.org/licenses/by/2.0,-JvL- from Netherlands,2018-06-03T19:38:05Z,4896,2752,1351818,image/jpeg,One of the two giant otters (Thierry or Bella) in the Paramaribo Zoo,5.847605,-55.160003,Paramaribo Zoo,Paramaribo Zoo
107115980,File:Giant otter (Pteronura brasiliensis) 2.jpg,https://commons.wikimedia.org/wiki/File:Giant_otter_(Pteronura_brasiliensis)_2.jpg,https://upload.wikimedia.org/wikipedia/commons/thumb/c/c4/Giant_otter_%28Pteronura_brasiliensis%29_2.jpg/1280px-Giant_otter_%28Pteronura_brasiliensis%29_2.jpg,https://upload.wikimedia.org/wikipedia/commons/c/c4/Giant_otter_%28Pteronura_brasiliensis%29_2.jpg,CC BY-SA 4.0,https://creativecommons.org/licenses/by-sa/4.0,Charles J. Sharp,2021-07-05T15:07:53Z,4126,2751,13228815,image/jpeg,"Giant otter ( Pteronura brasiliensis ), Rio três irmãos, Parque Estadual Encontro das Águas, Mato Grosso, Brasil [Three Brothers River, Parque Estadual Encontro das Águas (meeting of the waters) near Porto Joffre, Mato Grosso, Brazil]",,,Encontro Das Águas,"Parque Estadual Encontro das Águas, Brazil"
116349546,File:Giant otter walking in water - DPLA - 9537d5c76c26cbf69cdf2388e29b3636.jpg,https://commons.wikimedia.org/wiki/File:Giant_otter_walking_in_water_-_DPLA_-_9537d5c76c26cbf69cdf2388e29b3636.jpg,https://upload.wikimedia.org/wikipedia/commons/thumb/4/42/Giant_otter_walking_in_water_-_DPLA_-_9537d5c76c26cbf69cdf2388e29b3636.jpg/1280px-Giant_otter_walking_in_water_-_DPLA_-_9537d5c76c26cbf69cdf2388e29b3636.jpg,https://upload.wikimedia.org/wikipedia/commons/4/42/Giant_otter_walking_in_water_-_DPLA_-_9537d5c76c26cbf69cdf2388e29b3636.jpg,CC BY-SA 4.0,https://creativecommons.org/licenses/by-sa/4.0,"Garst, Warren, 1922-2016, photographer",2022-03-23T19:12:25Z,1568,1070,375021,image/jpeg,"35 mm slide; color. Scientific Classification: Kingdom: Animalia; Phylum: Chordata; Class: Mammalia; Order: Carnivora; Family: Mustelidae; Genus: Pteronura; Genus species: Pteronura brasiliensis. Animal characteristics: Head-Body Length: 96-123 cm; Weight: 22-32 kg; Identification: The coat coloring of the giant otter is a dark burnt umber. Its chin, throat, and chest are marked with cream-colored patches; Habitat: Freshwater rivers, slow streams, lakes; Diet: Carnivore: fish eggs, aquatic mammals, birds, fish, crustaceans; Reproduction: Giant otters are nonseasonal breeders, although most births occur during the dry season. The gestation period is 65-70 days long, after which 1-5 young are born. The baby otters are weaned five months after birth; Social Structure: Giant otters travel in groups called holts. Only the dominant female in each holt is allowed to give birth each year; Behavior: The entire holt helps care for the young; Status: Endangered: hunting for fur, habitat destruction; Interesting Facts: This is the largest species of otter. They are often referred to as 'river wolves'.",,,,
116317779,File:Infant giant otter sitting on rock - DPLA - ec6484efbd3d00a6e51690181265a93a.jpg,https://commons.wikimedia.org/wiki/File:Infant_giant_otter_sitting_on_rock_-_DPLA_-_ec6484efbd3d00a6e51690181265a93a.jpg,https://upload.wikimedia.org/wikipedia/commons/thumb/9/99/Infant_giant_otter_sitting_on_rock_-_DPLA_-_ec6484efbd3d00a6e51690181265a93a.jpg/1280px-Infant_giant_otter_sitting_on_rock_-_DPLA_-_ec6484efbd3d00a6e51690181265a93a.jpg,https://upload.wikimedia.org/wikipedia/commons/9/99/Infant_giant_otter_sitting_on_rock_-_DPLA_-_ec6484efbd3d00a6e51690181265a93a.jpg,CC BY-SA 4.0,https://creativecommons.org/licenses/by-sa/4.0,"Garst, Warren, 1922-2016, photographer",2022-03-23T05:19:25Z,1568,1072,537767,image/jpeg,"35 mm slide; color. Scientific Classification: Kingdom: Animalia; Phylum: Chordata; Class: Mammalia; Order: Carnivora; Family: Mustelidae; Genus: Pteronura; Genus species: Pteronura brasiliensis. Animal characteristics: Head-Body Length: 96-123 cm; Weight: 22-32 kg; Identification: The coat coloring of the giant otter is a dark burnt umber. Its chin, throat, and chest are marked with cream-colored patches; Habitat: Freshwater rivers, slow streams, lakes; Diet: Carnivore: fish eggs, aquatic mammals, birds, fish, crustaceans; Reproduction: Giant otters are nonseasonal breeders, although most births occur during the dry season. The gestation period is 65-70 days long, after which 1-5 young are born. The baby otters are weaned five months after birth; Social Structure: Giant otters travel in groups called holts. Only the dominant female in each holt is allowed to give birth each year; Behavior: The entire holt helps care for the young; Status: Endangered: hunting for fur, habitat destruction; Interesting Facts: This is the largest species of otter. They are often referred to as 'river wolves'.",,,,
11514453,File:LoutreGeante.jpg,https://commons.wikimedia.org/wiki/File:LoutreGeante.jpg,https://upload.wikimedia.org/wikipedia/commons/a/a3/LoutreGeante.jpg,https://upload.wikimedia.org/wikipedia/commons/a/a3/LoutreGeante.jpg,CC BY-SA 3.0,https://creativecommons.org/licenses/by-sa/3.0,BluesyPete,2010-09-17T14:19:44Z,1057,763,864245,image/jpeg,Loutre géante - Pantanal - Brésil,,,Pantanal,"Pantanal, Brazil"
12604144,File:Loutre géante.JPG,https://commons.wikimedia.org/wiki/File:Loutre_g%C3%A9ante.JPG,https://upload.wikimedia.org/wikipedia/commons/thumb/7/73/Loutre_g%C3%A9ante.JPG/1280px-Loutre_g%C3%A9ante.JPG,https://upload.wikimedia.org/wikipedia/commons/7/73/Loutre_g%C3%A9ante.JPG,CC BY-SA 3.0,https://creativecommons.org/licenses/by-sa/3.0,Capber fabrice,2011-01-05T20:58:48Z,2232,1576,602479,image/jpeg,Giant otter,,,,
55140569,File:Lutra brasiliensis - 1700-1880 - Print - Iconographia Zoologica - Special Collections University of Amsterdam - UBA01 IZ22500027.tif,https://commons.wikimedia.org/wiki/File:Lutra_brasiliensis_-_1700-1880_-_Print_-_Iconographia_Zoologica_-_Special_Collections_University_of_Amsterdam_-_UBA01_IZ22500027.tif,https://upload.wikimedia.org/wikipedia/commons/thumb/b/ba/Lutra_brasiliensis_-_1700-1880_-_Print_-_Iconographia_Zoologica_-_Special_Collections_University_of_Amsterdam_-_UBA01_IZ22500027.tif/lossy-page1-1280px-Lutra_brasiliensis_-_1700-1880_-_Print_-_Iconographia_Zoologica_-_Special_Collections_University_of_Amsterdam_-_UBA01_IZ22500027.tif.jpg,https://upload.wikimedia.org/wikipedia/commons/b/ba/Lutra_brasiliensis_-_1700-1880_-_Print_-_Iconographia_Zoologica_-_Special_Collections_University_of_Amsterdam_-_UBA01_IZ22500027.tif,Public domain,,Ebastia1,2017-01-19T10:36:39Z,2539,3185,24261075,image/tiff,Lutra brasiliensis,,,,
15407708,File:PteronuraSandbachiWolf.jpg,https://commons.wikimedia.org/wiki/File:PteronuraSandbachiWolf.jpg,https://upload.wikimedia.org/wikipedia/commons/thumb/b/b4/PteronuraSandbachiWolf.jpg/1280px-PteronuraSandbachiWolf.jpg,https://upload.wikimedia.org/wikipedia/commons/b/b4/PteronuraSandbachiWolf.jpg,Public domain,,Joseph Wolf,2011-06-05T09:05:41Z,2848,1892,1450223,image/jpeg,Pteronura sandbachii = P. brasiliensis,,,,
21877387,"File:Pteronura brasiliensis, Lake Sandoval, Peru 3.JPG","https://commons.wikimedia.org/wiki/File:Pteronura_brasiliensis,_Lake_Sandoval,_Peru_3.JPG",https://upload.wikimedia.org/wikipedia/commons/thumb/7/7f/Pteronura_brasiliensis%2C_Lake_Sandoval%2C_Peru_3.JPG/1280px-Pteronura_brasiliensis%2C_Lake_Sandoval%2C_Peru_3.JPG,https://upload.wikimedia.org/wikipedia/commons/7/7f/Pteronura_brasiliensis%2C_Lake_Sandoval%2C_Peru_3.JPG,CC BY-SA 3.0,https://creativecommons.org/licenses/by-sa/3.0,Namiac,2012-10-02T20:18:41Z,2304,1728,1477371,image/jpeg,"Pteronura brasiliensis, Lake Sandoval, Peru",-12.605548,-69.041885,Lake Sandoval,"Lago Sandoval, Peru"
153659902,File:The Elusive Giant River Otter.jpg,https://commons.wikimedia.org/wiki/File:The_Elusive_Giant_River_Otter.jpg,https://upload.wikimedia.org/wikipedia/commons/thumb/0/0d/The_Elusive_Giant_River_Otter.jpg/1280px-The_Elusive_Giant_River_Otter.jpg,https://upload.wikimedia.org/wikipedia/commons/0/0d/The_Elusive_Giant_River_Otter.jpg,CC BY 2.0,https://creativecommons.org/licenses/by/2.0,amanderson2,2024-10-08T02:25:59Z,2063,1346,2948007,image/jpeg,"Brazil 2013 by amanderson2 Holiday in Brazil Rio, Campo Grande and Pantanal",,,Pantanal,"Pantanal, Brazil"
59633297,File:Voltando para casa.jpg,https://commons.wikimedia.org/wiki/File:Voltando_para_casa.jpg,https://upload.wikimedia.org/wikipedia/commons/thumb/6/62/Voltando_para_casa.jpg/1280px-Voltando_para_casa.jpg,https://upload.wikimedia.org/wikipedia/commons/6/62/Voltando_para_casa.jpg,CC BY-SA 4.0,https://creativecommons.org/licenses/by-sa/4.0,Eguerios,2017-06-05T22:57:09Z,3456,2304,3434850,image/jpeg,Lontra no seu hábitat,,,,
3338133,File:Ariranha-Ottermantel.jpg,https://commons.wikimedia.org/wiki/File:Ariranha-Ottermantel.jpg,https://upload.wikimedia.org/wikipedia/commons/5/5d/Ariranha-Ottermantel.jpg,https://upload.wikimedia.org/wikipedia/commons/5/5d/Ariranha-Ottermantel.jpg,Public domain,,Klaus-Peter Kuhn,2008-01-04T19:27:43Z,667,1731,158888,image/jpeg,"Ariranha-Ottermantel (südamerikanischer Riesenotter), Pteronura brasiliensis , (Gmelin), (inzwischen voll geschützte Art)) aus 5 Fellen, naturfarben, 110 cm lang, ca. 30 Jahre alt (aus ca. 1967), Hersteller Schommertz Pelze, wahrscheinlich Bonn",,,,
152408577,File:Excursão pelo Rio Paraguai em Cáceres (Mato Grosso) 112.jpg,https://commons.wikimedia.org/wiki/File:Excurs%C3%A3o_pelo_Rio_Paraguai_em_C%C3%A1ceres_(Mato_Grosso)_112.jpg,https://upload.wikimedia.org/wikipedia/commons/thumb/8/8f/Excurs%C3%A3o_pelo_Rio_Paraguai_em_C%C3%A1ceres_%28Mato_Grosso%29_112.jpg/1280px-Excurs%C3%A3o_pelo_Rio_Paraguai_em_C%C3%A1ceres_%28Mato_Grosso%29_112.jpg,https://upload.wikimedia.org/wikipedia/commons/8/8f/Excurs%C3%A3o_pelo_Rio_Paraguai_em_C%C3%A1ceres_%28Mato_Grosso%29_112.jpg,CC BY-SA 4.0,https://creativecommons.org/licenses/by-sa/4.0,Túllio F,2024-09-09T05:09:10Z,4608,3072,12408093,image/jpeg,Fotos de fauna e flora durante a Excursão pelo Rio Paraguai em Cáceres (Mato Grosso) dos wikimedistas durante o Wiki Ocupa Cáceres 2024,,,Mato Grosso,"Mato Grosso, Brazil"
152408628,File:Excursão pelo Rio Paraguai em Cáceres (Mato Grosso) 149.jpg,https://commons.wikimedia.org/wiki/File:Excurs%C3%A3o_pelo_Rio_Paraguai_em_C%C3%A1ceres_(Mato_Grosso)_149.jpg,https://upload.wikimedia.org/wikipedia/commons/thumb/b/b4/Excurs%C3%A3o_pelo_Rio_Paraguai_em_C%C3%A1ceres_%28Mato_Grosso%29_149.jpg/1280px-Excurs%C3%A3o_pelo_Rio_Paraguai_em_C%C3%A1ceres_%28Mato_Grosso%29_149.jpg,https://upload.wikimedia.org/wikipedia/commons/b/b4/Excurs%C3%A3o_pelo_Rio_Paraguai_em_C%C3%A1ceres_%28Mato_Grosso%29_149.jpg,CC BY-SA 4.0,https://creativecommons.org/licenses/by-sa/4.0,Túllio F,2024-09-09T05:10:04Z,2831,2445,7018800,image/jpeg,Fotos de fauna e flora durante a Excursão pelo Rio Paraguai em Cáceres (Mato Grosso) dos wikimedistas durante o Wiki Ocupa Cáceres 2024,,,Mato Grosso,"Mato Grosso, Brazil"
152724434,File:Excursão pelo Rio Paraguai em Cáceres (Mato Grosso) 327.jpg,https://commons.wikimedia.org/wiki/File:Excurs%C3%A3o_pelo_Rio_Paraguai_em_C%C3%A1ceres_(Mato_Grosso)_327.jpg,https://upload.wikimedia.org/wikipedia/commons/thumb/8/86/Excurs%C3%A3o_pelo_Rio_Paraguai_em_C%C3%A1ceres_%28Mato_Grosso%29_327.jpg/1280px-Excurs%C3%A3o_pelo_Rio_Paraguai_em_C%C3%A1ceres_%28Mato_Grosso%29_327.jpg,https://upload.wikimedia.org/wikipedia/commons/8/86/Excurs%C3%A3o_pelo_Rio_Paraguai_em_C%C3%A1ceres_%28Mato_Grosso%29_327.jpg,CC BY-SA 4.0,https://creativecommons.org/licenses/by-sa/4.0,Túllio F,2024-09-16T16:05:19Z,4608,3072,10616589,image/jpeg,Excursão pelo Rio Paraguai em Cáceres (Mato Grosso) dos wikimedistas durante o Wiki Ocupa Cáceres 2024,,,Mato Grosso,"Mato Grosso, Brazil"
152724468,File:Excursão pelo Rio Paraguai em Cáceres (Mato Grosso) 338.jpg,https://commons.wikimedia.org/wiki/File:Excurs%C3%A3o_pelo_Rio_Paraguai_em_C%C3%A1ceres_(Mato_Grosso)_338.jpg,https://upload.wikimedia.org/wikipedia/commons/thumb/1/1a/Excurs%C3%A3o_pelo_Rio_Paraguai_em_C%C3%A1ceres_%28Mato_Grosso%29_338.jpg/1280px-Excurs%C3%A3o_pelo_Rio_Paraguai_em_C%C3%A1ceres_%28Mato_Grosso%29_338.jpg,https://upload.wikimedia.org/wikipedia/commons/1/1a/Excurs%C3%A3o_pelo_Rio_Paraguai_em_C%C3%A1ceres_%28Mato_Grosso%29_338.jpg,CC BY-SA 4.0,https://creativecommons.org/licenses/by-sa/4.0,Túllio F,2024-09-16T16:05:39Z,4608,3072,12221204,image/jpeg,Excursão pelo Rio Paraguai em Cáceres (Mato Grosso) dos wikimedistas durante o Wiki Ocupa Cáceres 2024,,,Mato Grosso,"Mato Grosso, Brazil"
152725336,File:Excursão pelo Rio Paraguai em Cáceres (Mato Grosso) 349.jpg,https://commons.wikimedia.org/wiki/File:Excurs%C3%A3o_pelo_Rio_Paraguai_em_C%C3%A1ceres_(Mato_Grosso)_349.jpg,https://upload.wikimedia.org/wikipedia/commons/thumb/3/30/Excurs%C3%A3o_pelo_Rio_Paraguai_em_C%C3%A1ceres_%28Mato_Grosso%29_349.jpg/1280px-Excurs%C3%A3o_pelo_Rio_Paraguai_em_C%C3%A1ceres_%28Mato_Grosso%29_349.jpg,https://upload.wikimedia.org/wikipedia/commons/3/30/Excurs%C3%A3o_pelo_Rio_Paraguai_em_C%C3%A1ceres_%28Mato_Grosso%29_349.jpg,CC BY-SA 4.0,https://creativecommons.org/licenses/by-sa/4.0,Túllio F,2024-09-16T16:28:28Z,4608,3072,10708893,image/jpeg,Excursão pelo Rio Paraguai em Cáceres (Mato Grosso) dos wikimedistas durante o Wiki Ocupa Cáceres 2024,,,Mato Grosso,"Mato Grosso, Brazil"
22911570,File:GiantRiverOtterEating.jpg,https://commons.wikimedia.org/wiki/File:GiantRiverOtterEating.jpg,https://upload.wikimedia.org/wikipedia/commons/thumb/e/e1/GiantRiverOtterEating.jpg/1280px-GiantRiverOtterEating.jpg,https://upload.wikimedia.org/wikipedia/commons/e/e1/GiantRiverOtterEating.jpg,CC BY 2.0,https://creativecommons.org/licenses/by/2.0,Geoff Gallice,2012-11-28T23:55:24Z,2012,1392,157314,image/jpeg,"Giant river otter eating a fish in Madre de Dios, Peru",,,Madre De Dios,"Madre de Dios, Peru"
55001822,File:Giant Otter (Pteronura brasiliensis) eating some fish ... (31723523461).jpg,https://commons.wikimedia.org/wiki/File:Giant_Otter_(Pteronura_brasiliensis)_eating_some_fish_..._(31723523461).jpg,https://upload.wikimedia.org/wikipedia/commons/thumb/1/14/Giant_Otter_%28Pteronura_brasiliensis%29_eating_some_fish_..._%2831723523461%29.jpg/1280px-Giant_Otter_%28Pteronura_brasiliensis%29_eating_some_fish_..._%2831723523461%29.jpg,https://upload.wikimedia.org/wikipedia/commons/1/14/Giant_Otter_%28Pteronura_brasiliensis%29_eating_some_fish_..._%2831723523461%29.jpg,CC BY-SA 2.0,https://creativecommons.org/licenses/by-sa/2.0,Bernard DUPONT from FRANCE,2017-01-13T15:58:38Z,5410,3610,13175139,image/jpeg,"Piquiri River, Porto Jofre area, Pantanal, Poconé, Mato Grosso, BRAZIL",-17.327077,-56.673887,Mato Grosso,"Mato Grosso, Brazil"
55001819,File:Giant Otter (Pteronura brasiliensis) eating some fish ... (31802623996).jpg,https://commons.wikimedia.org/wiki/File:Giant_Otter_(Pteronura_brasiliensis)_eating_some_fish_..._(31802623996).jpg,https://upload.wikimedia.org/wikipedia/commons/thumb/4/47/Giant_Otter_%28Pteronura_brasiliensis%29_eating_some_fish_..._%2831802623996%29.jpg/1280px-Giant_Otter_%28Pteronura_brasiliensis%29_eating_some_fish_..._%2831802623996%29.jpg,https://upload.wikimedia.org/wikipedia/commons/4/47/Giant_Otter_%28Pteronura_brasiliensis%29_eating_some_fish_..._%2831802623996%29.jpg,CC BY-SA 2.0,https://creativecommons.org/licenses/by-sa/2.0,Bernard DUPONT from FRANCE,2017-01-13T15:58:23Z,5438,3604,12179442,image/jpeg,"Piquiri River, Porto Jofre area, Pantanal, Poconé, Mato Grosso, BRAZIL",-17.327077,-56.673887,Mato Grosso,"Mato Grosso, Brazil"
81032709,"File:Giant Otters (Pteronura brasiliensis) playing (?), fighting (?) ... (48427258652).jpg","https://commons.wikimedia.org/wiki/File:Giant_Otters_(Pteronura_brasiliensis)_playing_(%3F),_fighting_(%3F)_..._(48427258652).jpg",https://upload.wikimedia.org/wikipedia/commons/thumb/6/69/Giant_Otters_%28Pteronura_brasiliensis%29_playing_%28%3F%29%2C_fighting_%28%3F%29_..._%2848427258652%29.jpg/1280px-Giant_Otters_%28Pteronura_brasiliensis%29_playing_%28%3F%29%2C_fighting_%28%3F%29_..._%2848427258652%29.jpg,https://upload.wikimedia.org/wikipedia/commons/6/69/Giant_Otters_%28Pteronura_brasiliensis%29_playing_%28%3F%29%2C_fighting_%28%3F%29_..._%2848427258652%29.jpg,CC BY-SA 2.0,https://creativecommons.org/licenses/by-sa/2.0,Bernard DUPONT from FRANCE,2019-08-04T14:54:03Z,4715,2482,7161878,image/jpeg,"Cuiaba River, Porto Jofre, Transpantaneira, Poconé, Mato Grosso, BRAZIL",,,Mato Grosso,"Mato Grosso, Brazil"
3392939,File:Giant otter 2.JPG,https://commons.wikimedia.org/wiki/File:Giant_otter_2.JPG,https://upload.wikimedia.org/wikipedia/commons/thumb/1/13/Giant_otter_2.JPG/1280px-Giant_otter_2.JPG,https://upload.wikimedia.org/wikipedia/commons/1/13/Giant_otter_2.JPG,CC BY 2.0,https://creativecommons.org/licenses/by/2.0,"frank wouters from antwerpen, belgium , België , Belgique",2008-10-23T15:42:23Z,1324,1536,1281786,image/jpeg,Pteronura brasiliensis Totals 16 13 0 5,,,,
191080902,File:Giant river otter.jpg,https://commons.wikimedia.org/wiki/File:Giant_river_otter.jpg,https://upload.wikimedia.org/wikipedia/commons/thumb/7/7b/Giant_river_otter.jpg/1280px-Giant_river_otter.jpg,https://upload.wikimedia.org/wikipedia/commons/7/7b/Giant_river_otter.jpg,CC BY 4.0,https://creativecommons.org/licenses/by/4.0,Rossysphotos,2026-05-03T12:36:26Z,5184,3456,4037331,image/jpeg,"Giant river otter, Amazonia, Peru",,,,
105259782,"File:LA Zoo, At a second Giant River Otter exhibit, two close friends, possibly siblings DSC 0123 (44668797574).jpg","https://commons.wikimedia.org/wiki/File:LA_Zoo,_At_a_second_Giant_River_Otter_exhibit,_two_close_friends,_possibly_siblings_DSC_0123_(44668797574).jpg",https://upload.wikimedia.org/wikipedia/commons/thumb/0/0b/LA_Zoo%2C_At_a_second_Giant_River_Otter_exhibit%2C_two_close_friends%2C_possibly_siblings_DSC_0123_%2844668797574%29.jpg/1280px-LA_Zoo%2C_At_a_second_Giant_River_Otter_exhibit%2C_two_close_friends%2C_possibly_siblings_DSC_0123_%2844668797574%29.jpg,https://upload.wikimedia.org/wikipedia/commons/0/0b/LA_Zoo%2C_At_a_second_Giant_River_Otter_exhibit%2C_two_close_friends%2C_possibly_siblings_DSC_0123_%2844668797574%29.jpg,CC BY-SA 2.0,https://creativecommons.org/licenses/by-sa/2.0,Bill Abbott,2021-05-13T18:20:59Z,4811,3207,3590114,image/jpeg,"LA Zoo, At a second Giant River Otter exhibit, two close friends, possibly siblings DSC_0123",,,,
105259731,"File:LA Zoo, Giant River Otter ADSC 0201 (44668891254).jpg","https://commons.wikimedia.org/wiki/File:LA_Zoo,_Giant_River_Otter_ADSC_0201_(44668891254).jpg",https://upload.wikimedia.org/wikipedia/commons/thumb/a/ae/LA_Zoo%2C_Giant_River_Otter_ADSC_0201_%2844668891254%29.jpg/1280px-LA_Zoo%2C_Giant_River_Otter_ADSC_0201_%2844668891254%29.jpg,https://upload.wikimedia.org/wikipedia/commons/a/ae/LA_Zoo%2C_Giant_River_Otter_ADSC_0201_%2844668891254%29.jpg,CC BY-SA 2.0,https://creativecommons.org/licenses/by-sa/2.0,Bill Abbott,2021-05-13T18:19:55Z,4045,2697,2401666,image/jpeg,"LA Zoo, Giant River Otter_ADSC_0201",,,,
105259722,"File:LA Zoo, Giant River Otter ADSC 0205 (45341919242).jpg","https://commons.wikimedia.org/wiki/File:LA_Zoo,_Giant_River_Otter_ADSC_0205_(45341919242).jpg",https://upload.wikimedia.org/wikipedia/commons/thumb/1/1d/LA_Zoo%2C_Giant_River_Otter_ADSC_0205_%2845341919242%29.jpg/1280px-LA_Zoo%2C_Giant_River_Otter_ADSC_0205_%2845341919242%29.jpg,https://upload.wikimedia.org/wikipedia/commons/1/1d/LA_Zoo%2C_Giant_River_Otter_ADSC_0205_%2845341919242%29.jpg,CC BY-SA 2.0,https://creativecommons.org/licenses/by-sa/2.0,Bill Abbott,2021-05-13T18:19:34Z,4476,2984,2979760,image/jpeg,"LA Zoo, Giant River Otter_ADSC_0205",,,,
105259734,"File:LA Zoo, Giant River Otter ADSC 0208 (30453068857).jpg","https://commons.wikimedia.org/wiki/File:LA_Zoo,_Giant_River_Otter_ADSC_0208_(30453068857).jpg",https://upload.wikimedia.org/wikipedia/commons/thumb/c/c1/LA_Zoo%2C_Giant_River_Otter_ADSC_0208_%2830453068857%29.jpg/1280px-LA_Zoo%2C_Giant_River_Otter_ADSC_0208_%2830453068857%29.jpg,https://upload.wikimedia.org/wikipedia/commons/c/c1/LA_Zoo%2C_Giant_River_Otter_ADSC_0208_%2830453068857%29.jpg,CC BY-SA 2.0,https://creativecommons.org/licenses/by-sa/2.0,Bill Abbott,2021-05-13T18:19:57Z,4235,2823,2656670,image/jpeg,"One long, skinny drink of water it is, too.",,,,
105259729,"File:LA Zoo, Giant River Otter DSC 0197 (44668892674).jpg","https://commons.wikimedia.org/wiki/File:LA_Zoo,_Giant_River_Otter_DSC_0197_(44668892674).jpg",https://upload.wikimedia.org/wikipedia/commons/thumb/7/7d/LA_Zoo%2C_Giant_River_Otter_DSC_0197_%2844668892674%29.jpg/1280px-LA_Zoo%2C_Giant_River_Otter_DSC_0197_%2844668892674%29.jpg,https://upload.wikimedia.org/wikipedia/commons/7/7d/LA_Zoo%2C_Giant_River_Otter_DSC_0197_%2844668892674%29.jpg,CC BY-SA 2.0,https://creativecommons.org/licenses/by-sa/2.0,Bill Abbott,2021-05-13T18:19:48Z,3425,2283,1835591,image/jpeg,"LA Zoo, Giant River Otter DSC_0197",,,,
105259761,"File:LA Zoo, Giant River Otter swimming in big pool DSC 0203 (31517524468).jpg","https://commons.wikimedia.org/wiki/File:LA_Zoo,_Giant_River_Otter_swimming_in_big_pool_DSC_0203_(31517524468).jpg",https://upload.wikimedia.org/wikipedia/commons/thumb/6/67/LA_Zoo%2C_Giant_River_Otter_swimming_in_big_pool_DSC_0203_%2831517524468%29.jpg/1280px-LA_Zoo%2C_Giant_River_Otter_swimming_in_big_pool_DSC_0203_%2831517524468%29.jpg,https://upload.wikimedia.org/wikipedia/commons/6/67/LA_Zoo%2C_Giant_River_Otter_swimming_in_big_pool_DSC_0203_%2831517524468%29.jpg,CC BY-SA 2.0,https://creativecommons.org/licenses/by-sa/2.0,Bill Abbott,2021-05-13T18:20:43Z,3292,1852,1250264,image/jpeg,"LA Zoo, Giant River Otter swimming in big pool DSC_0203",,,,
7638596,File:Otter's Webbed Feet.jpg,https://commons.wikimedia.org/wiki/File:Otter%27s_Webbed_Feet.jpg,https://upload.wikimedia.org/wikipedia/commons/thumb/d/d1/Otter%27s_Webbed_Feet.jpg/1280px-Otter%27s_Webbed_Feet.jpg,https://upload.wikimedia.org/wikipedia/commons/d/d1/Otter%27s_Webbed_Feet.jpg,CC BY 2.0,https://creativecommons.org/licenses/by/2.0,Thomas,2009-08-23T22:24:21Z,2433,1979,4467454,image/jpeg,Giant Otter (Pteronura brasiliensis),,,,
20686903,File:Pteronura brasiliensis (Alua and Yumbo) Parken Zoo.jpg,https://commons.wikimedia.org/wiki/File:Pteronura_brasiliensis_(Alua_and_Yumbo)_Parken_Zoo.jpg,https://upload.wikimedia.org/wikipedia/commons/thumb/6/66/Pteronura_brasiliensis_%28Alua_and_Yumbo%29_Parken_Zoo.jpg/1280px-Pteronura_brasiliensis_%28Alua_and_Yumbo%29_Parken_Zoo.jpg,https://upload.wikimedia.org/wikipedia/commons/6/66/Pteronura_brasiliensis_%28Alua_and_Yumbo%29_Parken_Zoo.jpg,CC BY-SA 3.0,https://creativecommons.org/licenses/by-sa/3.0,Calle Eklund/ V-wolf,2012-08-16T00:47:49Z,3564,2376,5905736,image/jpeg,"The two giant otters ( Pteronura brasiliensis ) Alua and Yumbo at Parken Zoo, Eskilstuna, Sweden",59.371944,16.482222,Parken Zoo,Parken Zoo
4663222,File:Pteronura brasiliensis MG 9021.jpg,https://commons.wikimedia.org/wiki/File:Pteronura_brasiliensis_MG_9021.jpg,https://upload.wikimedia.org/wikipedia/commons/thumb/0/0b/Pteronura_brasiliensis_MG_9021.jpg/1280px-Pteronura_brasiliensis_MG_9021.jpg,https://upload.wikimedia.org/wikipedia/commons/0/0b/Pteronura_brasiliensis_MG_9021.jpg,CC BY-SA 3.0,https://creativecommons.org/licenses/by-sa/3.0,David.Monniaux,2008-10-23T15:31:41Z,3504,2336,1705898,image/jpeg,"Brazilian giant river otter ( Pteronura brasiliensis ), Museu Paraense Emílio Goeldi, Belém",,,,
7659504,File:Pteronura brasiliensis zoo Brasilia 01.jpg,https://commons.wikimedia.org/wiki/File:Pteronura_brasiliensis_zoo_Brasilia_01.jpg,https://upload.wikimedia.org/wikipedia/commons/thumb/e/e7/Pteronura_brasiliensis_zoo_Brasilia_01.jpg/1280px-Pteronura_brasiliensis_zoo_Brasilia_01.jpg,https://upload.wikimedia.org/wikipedia/commons/e/e7/Pteronura_brasiliensis_zoo_Brasilia_01.jpg,CC BY-SA 3.0,https://creativecommons.org/licenses/by-sa/3.0,Eric Gaba ( Sting - fr:Sting ),2012-11-24T01:46:13Z,1476,1107,765444,image/jpeg,"A female Giant Otter ( Pteronura brasiliensis ) at the zoo of Brasília , Brazil .",-15.847519,-47.936044,,
7659533,File:Pteronura brasiliensis zoo Brasilia 02.jpg,https://commons.wikimedia.org/wiki/File:Pteronura_brasiliensis_zoo_Brasilia_02.jpg,https://upload.wikimedia.org/wikipedia/commons/thumb/f/f4/Pteronura_brasiliensis_zoo_Brasilia_02.jpg/1280px-Pteronura_brasiliensis_zoo_Brasilia_02.jpg,https://upload.wikimedia.org/wikipedia/commons/f/f4/Pteronura_brasiliensis_zoo_Brasilia_02.jpg,CC BY-SA 3.0,https://creativecommons.org/licenses/by-sa/3.0,Eric Gaba ( Sting - fr:Sting ),2009-08-26T12:58:56Z,2072,1381,1117245,image/jpeg,"Two Giant Otters ( Pteronura brasiliensis ) at the zoo of Brasília , Brazil .",-15.847519,-47.936044,,
