negative_id,image_path,observation_id,body_part,bbox_x,bbox_y,bbox_w,bbox_h,img_width,img_height,detector_model,confidence,created_at
feaf41d6623a,data/sources/inat/images/253840463/454584398.jpeg,inat_253840463,whole_body,1610,677,438,396,2048,1536,best.pt,0.8734466433525085,2026-07-30T20:40:39+00:00
d1003dbc2826,data/sources/inat/images/253840463/454584398.jpeg,inat_253840463,whole_body,996,741,351,316,2048,1536,best.pt,0.5296027064323425,2026-07-30T20:40:41+00:00
284c394c2023,data/sources/inat/images/253840463/454584398.jpeg,inat_253840463,throat,1865,758,100,154,2048,1536,best.pt,0.4169754087924957,2026-07-30T20:40:43+00:00
72db97ab3a32,data/sources/inat/images/254187696/455242559.jpeg,inat_254187696,whole_body,1421,120,627,940,2048,1363,best.pt,0.6632081270217896,2026-07-30T20:41:03+00:00
ca52eed9c1f6,data/sources/inat/images/254187696/455242559.jpeg,inat_254187696,whole_body,3,0,269,1295,2048,1363,best.pt,0.3787428140640259,2026-07-30T20:41:05+00:00
4078b911543d,data/sources/inat/images/254315916/455488846.jpeg,inat_254315916,whole_body,1794,522,254,389,2048,1536,best.pt,0.2893250286579132,2026-07-30T20:42:24+00:00
7be3801497ec,data/sources/inat/images/254417969/455706981.jpg,inat_254417969,whole_body,1366,46,682,964,2048,1365,best.pt,0.912534475326538,2026-07-30T20:42:40+00:00
badc30f5dbeb,data/sources/inat/images/254417969/455706981.jpg,inat_254417969,whole_body,3,62,435,984,2048,1365,best.pt,0.436903566122055,2026-07-30T20:42:42+00:00
36c60eff8685,data/sources/inat/images/254551154/455971027.jpeg,inat_254551154,whole_body,0,7,641,1008,2048,1365,best.pt,0.5479332804679871,2026-07-30T20:42:46+00:00
a24de846c14c,data/sources/inat/images/260621654/468068084.jpg,inat_260621654,whole_body,7,685,741,1341,1536,2048,best.pt,0.4087883234024048,2026-07-30T20:46:41+00:00
d35902a814be,data/sources/inat/images/261409087/469627463.jpg,inat_261409087,whole_body,1434,409,612,762,2048,1365,best.pt,0.6196783185005188,2026-07-30T20:47:28+00:00
5f9fe9b3645c,data/sources/inat/images/262299263/471237294.jpeg,inat_262299263,whole_body,0,197,305,888,2048,1536,best.pt,0.3394334018230438,2026-07-30T20:48:12+00:00
61fabeb2beba,data/sources/inat/images/262299263/471237323.jpeg,inat_262299263,whole_body,3,61,448,955,2048,1536,best.pt,0.8900408148765564,2026-07-30T20:48:22+00:00
7c76f931f76b,data/sources/inat/images/265098610/476112099.jpg,inat_265098610,whole_body,0,648,154,562,2048,1365,best.pt,0.4108280837535858,2026-07-30T20:49:59+00:00
667c535b04ba,data/sources/inat/images/268456387/482550195.jpg,inat_268456387,whole_body,372,157,142,166,2048,1365,best.pt,0.2703525722026825,2026-07-30T21:05:07+00:00
23f44b6cfda0,data/sources/inat/images/269696516/485182241.jpeg,inat_269696516,whole_body,0,691,124,304,2048,1365,best.pt,0.33896005153656,2026-07-30T21:05:37+00:00
82bfddee9095,data/sources/inat/images/278470408/500004641.jpg,inat_278470408,whole_body,3,128,594,1192,2048,1365,best.pt,0.9244393110275269,2026-07-30T21:08:11+00:00
794052fae5e1,data/sources/inat/images/278470408/500004641.jpg,inat_278470408,throat,0,401,283,884,2048,1365,best.pt,0.377590537071228,2026-07-30T21:08:12+00:00
69d93aa24bd0,data/sources/inat/images/283989681/510331798.jpg,inat_283989681,throat,197,0,334,207,2048,1536,best.pt,0.3263019323348999,2026-07-30T21:08:36+00:00
8db1d29a0010,data/sources/inat/images/284716741/511713392.jpg,inat_284716741,throat,86,6,345,567,1280,960,best.pt,0.6870477199554443,2026-07-30T21:08:45+00:00
0a404d30186c,data/sources/inat/images/291037150/523604870.jpg,inat_291037150,whole_body,0,1185,228,351,2048,1536,best.pt,0.4619114696979522,2026-07-30T21:10:24+00:00
5f7599b12c21,data/sources/inat/images/292119011/525657945.jpg,inat_292119011,whole_body,8,30,538,1371,1536,2048,best.pt,0.3449244499206543,2026-07-30T21:10:35+00:00
0b32cb32020e,data/sources/inat/images/292119011/525657945.jpg,inat_292119011,throat,0,4,418,880,1536,2048,best.pt,0.2631973326206207,2026-07-30T21:10:37+00:00
e339bf78fa33,data/sources/inat/images/315781484/570488000.jpg,inat_315781484,whole_body,112,122,775,958,1440,1080,best.pt,0.3221720457077026,2026-07-30T21:22:32+00:00
e8403040f0f9,data/sources/inat/images/319389457/577338508.jpg,inat_319389457,whole_body,1604,114,396,914,2000,1420,best.pt,0.2903479933738708,2026-07-30T21:24:13+00:00
3f2359baec24,data/sources/inat/images/323264286/584896740.jpg,inat_323264286,throat,587,575,339,510,2048,1462,best.pt,0.4192708134651184,2026-07-30T21:27:27+00:00
c7633a20bf24,data/sources/inat/images/323893682/586105732.jpg,inat_323893682,whole_body,4,431,770,646,2048,1536,best.pt,0.4597236514091491,2026-07-30T21:28:54+00:00
9c406c4a35b2,data/sources/inat/images/325237035/588819710.jpg,inat_325237035,whole_body,103,357,1421,975,2048,1365,best.pt,0.3124599456787109,2026-07-30T21:29:51+00:00
91c57e986f86,data/sources/inat/images/330760696/599859194.jpg,inat_330760696,whole_body,45,991,1447,1057,1536,2048,best.pt,0.4302076995372772,2026-07-30T21:47:37+00:00
4dc173ca13b1,data/sources/inat/images/333951675/606350836.jpg,inat_333951675,whole_body,1592,11,408,941,2000,1333,best.pt,0.5190054178237915,2026-07-30T21:48:37+00:00
598e44e35026,data/sources/inat/images/334475688/607416956.jpg,inat_334475688,whole_body,0,0,434,856,2048,1365,best.pt,0.5367414355278015,2026-07-30T21:48:48+00:00
2e4408ef280c,data/sources/inat/images/335234671/608961572.jpg,inat_335234671,whole_body,75,664,151,283,2048,1536,best.pt,0.2857389748096466,2026-07-30T21:58:08+00:00
178735e35f59,data/sources/inat/images/336506575/611514856.jpg,inat_336506575,whole_body,0,24,364,1083,2048,1536,best.pt,0.5826774835586548,2026-07-30T21:59:34+00:00
b65f0f3782a3,data/sources/inat/images/343408469/625547666.jpg,inat_343408469,whole_body,1698,512,349,279,2048,1153,best.pt,0.5420979261398315,2026-07-30T22:05:48+00:00
e0fbd73d7db4,data/sources/inat/images/343408469/625548002.jpg,inat_343408469,whole_body,1698,541,348,251,2048,1153,best.pt,0.4123111963272095,2026-07-30T22:05:51+00:00
71f6d02cdb71,data/sources/inat/images/345304120/629270694.jpg,inat_345304120,whole_body,29,3,1513,480,1542,2048,best.pt,0.4444691240787506,2026-07-30T22:06:18+00:00
7eda18a3098f,data/sources/inat/images/345304120/629270694.jpg,inat_345304120,whole_body,66,11,1444,524,1542,2048,best.pt,0.3173663318157196,2026-07-30T22:06:20+00:00
cc3f5780b883,data/sources/inat/images/380093760/695307611.jpg,inat_380093760,whole_body,0,2,1492,450,2048,1536,best.pt,0.3587188720703125,2026-07-30T22:14:52+00:00
35dc534151a0,data/sources/inat/images/381088552/697263019.jpg,inat_381088552,whole_body,1,168,140,498,2048,945,best.pt,0.4114549160003662,2026-07-30T22:16:13+00:00
233f0cef57e6,data/sources/inat/images/54938813/87435739.jpg,inat_54938813,whole_body,16,108,968,828,2048,1365,best.pt,0.897277295589447,2026-07-30T22:25:09+00:00
8940c8391477,data/sources/inat/images/57692828/92047984.jpg,inat_57692828,whole_body,1635,353,413,1176,2048,1536,best.pt,0.3627749681472778,2026-07-30T22:25:56+00:00
7bb23efb208e,data/sources/inat/images/78678147/128791298.jpg,inat_78678147,whole_body,1333,34,715,1264,2048,1366,best.pt,0.3768500685691833,2026-07-30T22:35:29+00:00
24b5c5d32fb3,data/sources/inat/images/88493973/146014372.jpeg,inat_88493973,whole_body,0,270,101,404,2048,1371,best.pt,0.2561171054840088,2026-07-30T22:38:15+00:00
7aa7c5ed849c,data/sources/flickr/images/10536377623.jpg,flickr_f4dab5d5,whole_body,331,75,674,608,1024,683,best.pt,0.7178831696510315,2026-08-03T16:29:00+00:00
6accd150327a,data/sources/flickr/images/10536377623.jpg,flickr_f4dab5d5,throat,525,185,280,380,1024,683,best.pt,0.3557179570198059,2026-08-03T16:29:01+00:00
6e19b6d03ee6,data/sources/flickr/images/11324370934.jpg,flickr_bd9ef636,throat,453,457,38,47,1024,749,best.pt,0.3632878065109253,2026-08-03T16:31:10+00:00
2e8d5213ea3a,data/sources/flickr/images/11324370934.jpg,flickr_bd9ef636,throat_portrait,453,457,38,48,1024,749,best.pt,0.2904258370399475,2026-08-03T16:31:11+00:00
1864904b6632,data/sources/flickr/images/14073593774.jpg,flickr_862b937c,throat,637,522,423,424,2048,1365,best.pt,0.6477729678153992,2026-08-03T16:36:49+00:00
489808d6be01,data/sources/flickr/images/15861736784.jpg,flickr_f897aba8,throat,518,123,54,87,1024,768,best.pt,0.6959230303764343,2026-08-03T16:43:13+00:00
643bee8e146f,data/sources/flickr/images/16457889996.jpg,flickr_5e524d68,whole_body,8,15,712,945,720,960,best.pt,0.5445030331611633,2026-08-03T16:44:14+00:00
2a6218b7e2f4,data/sources/flickr/images/16458249236.jpg,flickr_f897aba8,whole_body,291,4,590,764,1024,768,best.pt,0.8946601152420044,2026-08-03T16:44:18+00:00
56abff76791d,data/sources/flickr/images/16483337372.jpg,flickr_f897aba8,throat_portrait,590,0,116,91,1024,768,best.pt,0.4649608433246612,2026-08-03T16:44:22+00:00
62158cc03e71,data/sources/flickr/images/16483337372.jpg,flickr_f897aba8,throat,592,0,114,95,1024,768,best.pt,0.3847657442092895,2026-08-03T16:44:23+00:00
c9c9d3742e4c,data/sources/flickr/images/16483337372.jpg,flickr_f897aba8,throat,445,311,141,286,1024,768,best.pt,0.2662695944309234,2026-08-03T16:44:24+00:00
23d6a9add26b,data/sources/flickr/images/20628502433.jpg,flickr_5018aeef,whole_body,242,45,483,544,749,601,best.pt,0.926139235496521,2026-08-03T16:48:02+00:00
0feac52fc4bc,data/sources/flickr/images/20628502433.jpg,flickr_5018aeef,throat,427,251,223,240,749,601,best.pt,0.4671415388584137,2026-08-03T16:48:03+00:00
be339ab3e713,data/sources/flickr/images/25582476144.jpg,flickr_50b76fe2,throat,1101,1591,79,108,3072,2048,best.pt,0.3950815200805664,2026-08-03T16:55:54+00:00
30b2885f5e3b,data/sources/flickr/images/25582476144.jpg,flickr_50b76fe2,throat,2705,1817,163,181,3072,2048,best.pt,0.3611527383327484,2026-08-03T16:55:55+00:00
7cc833b32353,data/sources/flickr/images/25582476144.jpg,flickr_50b76fe2,whole_body,1805,1426,157,174,3072,2048,best.pt,0.281912088394165,2026-08-03T16:55:56+00:00
037767ed36ce,data/sources/flickr/images/2811864954.jpg,flickr_4375f6e8,whole_body,147,0,71,44,500,375,best.pt,0.5331547856330872,2026-08-03T16:58:18+00:00
fd98ae6a3363,data/sources/flickr/images/29257382983.jpg,flickr_ed9b2669,throat,561,0,376,120,1024,768,best.pt,0.6164030432701111,2026-08-03T16:59:42+00:00
d195de833e6b,data/sources/flickr/images/29257382983.jpg,flickr_ed9b2669,whole_body,509,0,515,164,1024,768,best.pt,0.5019811391830444,2026-08-03T16:59:44+00:00
f12b8e8e425e,data/sources/flickr/images/29906776627.jpg,flickr_ed80baec,throat,2805,2440,463,470,5822,2911,best.pt,0.2936558425426483,2026-08-03T17:01:37+00:00
681d13f7826d,data/sources/flickr/images/3149802547.jpg,flickr_b30047d4,throat,143,32,91,109,1023,902,best.pt,0.5246836543083191,2026-08-03T17:08:09+00:00
048935ce0a56,data/sources/flickr/images/3291477925.jpg,flickr_423d6a4b,whole_body,3,7,642,666,1024,683,best.pt,0.829342246055603,2026-08-03T17:10:34+00:00
624f91e7e7c4,data/sources/flickr/images/3291477925.jpg,flickr_423d6a4b,throat,122,394,408,285,1024,683,best.pt,0.3035491108894348,2026-08-03T17:10:35+00:00
9f3d58bc6619,data/sources/flickr/images/33581727158.jpg,flickr_d9f4faf2,whole_body,396,98,49,67,1024,420,best.pt,0.8450860381126404,2026-08-03T17:12:37+00:00
fb4987b7e00b,data/sources/flickr/images/33581727158.jpg,flickr_d9f4faf2,throat,405,109,32,53,1024,420,best.pt,0.796084463596344,2026-08-03T17:12:38+00:00
86a32314a2f3,data/sources/flickr/images/33581727158.jpg,flickr_d9f4faf2,whole_body,453,320,103,92,1024,420,best.pt,0.7479217648506165,2026-08-03T17:12:39+00:00
34faeefe3a46,data/sources/flickr/images/33581727158.jpg,flickr_d9f4faf2,whole_body,480,121,44,66,1024,420,best.pt,0.4028223156929016,2026-08-03T17:12:40+00:00
c04360fdce17,data/sources/flickr/images/33581794578.jpg,flickr_d9f4faf2,whole_body,0,134,98,503,1024,683,best.pt,0.7913836240768433,2026-08-03T17:12:45+00:00
4be50ac4972e,data/sources/flickr/images/33581794578.jpg,flickr_d9f4faf2,whole_body,958,170,66,409,1024,683,best.pt,0.4626252651214599,2026-08-03T17:12:46+00:00
01d4e758f7a3,data/sources/flickr/images/33581794578.jpg,flickr_d9f4faf2,throat,0,189,34,350,1024,683,best.pt,0.2868364453315735,2026-08-03T17:12:47+00:00
1eb27610db7a,data/sources/flickr/images/33581840258.jpg,flickr_9d19f273,whole_body,502,83,261,354,1024,683,best.pt,0.7776152491569519,2026-08-03T17:12:52+00:00
939046047101,data/sources/flickr/images/33581840258.jpg,flickr_9d19f273,throat,558,179,153,189,1024,683,best.pt,0.5320228338241577,2026-08-03T17:12:53+00:00
2ae05a5e5672,data/sources/flickr/images/33581840258.jpg,flickr_9d19f273,throat_portrait,558,179,143,193,1024,683,best.pt,0.2636830806732178,2026-08-03T17:12:55+00:00
746dfb381954,data/sources/flickr/images/33582052068.jpg,flickr_bb635740,whole_body,237,30,515,650,1024,680,best.pt,0.8929262161254883,2026-08-03T17:12:59+00:00
21e10692553f,data/sources/flickr/images/33582052068.jpg,flickr_bb635740,throat,413,133,233,469,1024,680,best.pt,0.775917649269104,2026-08-03T17:13:00+00:00
274efe563760,data/sources/flickr/images/33623593922.jpg,flickr_5488dcd7,throat,1089,234,384,773,1791,1401,best.pt,0.7658669352531433,2026-08-03T17:13:10+00:00
c2555f1be03c,data/sources/flickr/images/3870722410.jpg,flickr_dff3f1f7,throat,393,446,225,346,1536,2048,best.pt,0.3330756723880768,2026-08-03T17:22:00+00:00
e18f34cc6bff,data/sources/flickr/images/4247126691.jpg,flickr_5b45acd8,whole_body,0,41,147,561,1024,681,best.pt,0.287435233592987,2026-08-03T17:25:54+00:00
222411dadbf1,data/sources/flickr/images/4428419050.jpg,flickr_c51c161f,throat,1148,1654,308,254,3072,2304,best.pt,0.6890710592269897,2026-08-03T17:29:20+00:00
9f985a20f2c2,data/sources/flickr/images/4428419050.jpg,flickr_c51c161f,whole_body,1024,1225,681,813,3072,2304,best.pt,0.7779426574707031,2026-08-03T17:29:22+00:00
21f40fee8c91,data/sources/flickr/images/47405032592.jpg,flickr_9d19f273,throat,447,75,157,126,1024,614,best.pt,0.2986599504947662,2026-08-03T17:41:20+00:00
0f640364dfb2,data/sources/flickr/images/47405036582.jpg,flickr_9d19f273,throat,793,100,76,104,1024,605,best.pt,0.7597414255142212,2026-08-03T17:41:30+00:00
40efc7c9faa2,data/sources/flickr/images/47405036582.jpg,flickr_9d19f273,whole_body,749,51,167,195,1024,605,best.pt,0.8892083764076233,2026-08-03T17:41:32+00:00
c16591ad64c5,data/sources/flickr/images/47405103092.jpg,flickr_d9f4faf2,whole_body,398,124,100,79,1024,694,best.pt,0.5311284065246582,2026-08-03T17:41:39+00:00
a552340e82b5,data/sources/flickr/images/48042942022.jpg,flickr_68b27dd1,throat,862,403,110,141,1920,1080,best.pt,0.418376624584198,2026-08-03T17:44:03+00:00
6d5a1587cd94,data/sources/flickr/images/48496762547.jpg,flickr_ade9adcf,throat,187,568,28,55,1024,732,best.pt,0.464085042476654,2026-08-03T17:44:47+00:00
86d498116fe3,data/sources/flickr/images/48870634663.jpg,flickr_5425f72b,whole_body,1824,16,1733,3353,3592,3648,best.pt,0.8452397584915161,2026-08-03T17:47:45+00:00
1c2e572f6c79,data/sources/flickr/images/49338261826.jpg,flickr_d55aa552,throat,36,4702,206,509,4000,6000,best.pt,0.271994799375534,2026-08-03T17:51:35+00:00
7d88c5a30812,data/sources/flickr/images/49782075166.jpg,flickr_69dc58c4,throat,486,135,94,128,1024,683,best.pt,0.900765061378479,2026-08-03T17:53:05+00:00
0ed59d30876b,data/sources/flickr/images/49782075166.jpg,flickr_69dc58c4,throat_portrait,486,134,95,130,1024,683,best.pt,0.5282331705093384,2026-08-03T17:53:06+00:00
01a071421637,data/sources/flickr/images/51537183664.jpg,flickr_1938c9c7,whole_body,307,258,276,299,1023,683,best.pt,0.652116596698761,2026-08-03T17:55:10+00:00
3a9919f92577,data/sources/flickr/images/51537373570.jpg,flickr_1938c9c7,throat,717,382,49,69,1023,683,best.pt,0.5228241682052612,2026-08-03T17:55:14+00:00
bf3c7dc9bf5c,data/sources/flickr/images/51537388440.jpg,flickr_1938c9c7,whole_body,301,193,325,326,1023,683,best.pt,0.8863090872764587,2026-08-03T17:55:17+00:00
6fe96951d29c,data/sources/flickr/images/51537388440.jpg,flickr_1938c9c7,throat,411,249,90,144,1023,683,best.pt,0.609304666519165,2026-08-03T17:55:18+00:00
014ececb7d29,data/sources/flickr/images/51610464348.jpg,flickr_f53f8938,throat,181,589,36,59,1024,768,best.pt,0.4399778544902801,2026-08-03T17:55:26+00:00
eb3f30a17aab,data/sources/flickr/images/51610464348.jpg,flickr_f53f8938,throat_portrait,182,589,35,59,1024,768,best.pt,0.2921029329299927,2026-08-03T17:55:27+00:00
a3f5b57424ae,data/sources/flickr/images/51611125420.jpg,flickr_961850c5,whole_body,320,414,57,61,1024,683,best.pt,0.8404120206832886,2026-08-03T17:55:32+00:00
e764af730821,data/sources/flickr/images/51611125420.jpg,flickr_961850c5,whole_body,98,382,88,68,1024,683,best.pt,0.3846250772476196,2026-08-03T17:55:33+00:00
e6689b336be6,data/sources/flickr/images/51611125420.jpg,flickr_961850c5,throat,330,427,33,42,1024,683,best.pt,0.7865489721298218,2026-08-03T17:55:34+00:00
f7c26369071b,data/sources/flickr/images/51611125420.jpg,flickr_961850c5,throat_portrait,330,427,34,43,1024,683,best.pt,0.2715506851673126,2026-08-03T17:55:35+00:00
cfd9036069a0,data/sources/flickr/images/51880622666.jpg,flickr_10005edc,whole_body,158,94,538,578,1024,768,best.pt,0.5836655497550964,2026-08-03T17:56:28+00:00
681119f201b0,data/sources/flickr/images/51883644442.jpg,flickr_c7fcb5c1,whole_body,110,4,735,658,1024,768,best.pt,0.5249302983283997,2026-08-03T17:56:31+00:00
838f4f96bcf9,data/sources/flickr/images/51884615881.jpg,flickr_26b7a71e,whole_body,1,8,838,748,1024,768,best.pt,0.7400050163269043,2026-08-03T17:56:34+00:00
cb0a6ba15442,data/sources/flickr/images/51884615881.jpg,flickr_26b7a71e,throat,403,296,329,405,1024,768,best.pt,0.6643285155296326,2026-08-03T17:56:35+00:00
e7ecdf287664,data/sources/flickr/images/51884615976.jpg,flickr_95cfb968,throat,222,121,495,445,1024,768,best.pt,0.2724179327487945,2026-08-03T17:56:39+00:00
6d1c2c2d5363,data/sources/flickr/images/51884616081.jpg,flickr_95cfb968,whole_body,33,0,975,1005,1024,1017,best.pt,0.9040314555168152,2026-08-03T17:56:42+00:00
72a40347e16b,data/sources/flickr/images/51884616081.jpg,flickr_95cfb968,throat_portrait,396,172,503,806,1024,1017,best.pt,0.5504605770111084,2026-08-03T17:56:43+00:00
d33344589612,data/sources/flickr/images/51884616081.jpg,flickr_95cfb968,throat,351,200,563,791,1024,1017,best.pt,0.2849026024341583,2026-08-03T17:56:45+00:00
660ac230902b,data/sources/flickr/images/51884935714.jpg,flickr_26b7a71e,whole_body,99,50,800,708,1024,768,best.pt,0.8990119099617004,2026-08-03T17:56:49+00:00
3773e8c54c66,data/sources/flickr/images/51884943639.jpg,flickr_ec088207,throat,195,214,442,305,1024,768,best.pt,0.453441709280014,2026-08-03T17:56:52+00:00
b0e0ebe57258,data/sources/flickr/images/51885263285.jpg,flickr_d9517920,whole_body,17,147,804,621,1024,768,best.pt,0.8459919095039368,2026-08-03T17:56:56+00:00
d5b8c7f57459,data/sources/flickr/images/51885270570.jpg,flickr_ec088207,whole_body,121,67,787,701,1024,768,best.pt,0.8213391900062561,2026-08-03T17:56:58+00:00
ba4712363c02,data/sources/flickr/images/51885270570.jpg,flickr_ec088207,throat,347,177,295,428,1024,768,best.pt,0.6305980682373047,2026-08-03T17:57:00+00:00
298a7d02b132,data/sources/flickr/images/51897293256.jpg,flickr_17c9e0c7,throat,111,412,191,201,768,1024,best.pt,0.2568481862545013,2026-08-03T17:57:02+00:00
60331f767613,data/sources/flickr/images/51897295926.jpg,flickr_1b9356f2,whole_body,14,88,714,680,768,1024,best.pt,0.7719526290893555,2026-08-03T17:57:05+00:00
c13f7acfc3c7,data/sources/flickr/images/51897295926.jpg,flickr_1b9356f2,throat,171,169,271,407,768,1024,best.pt,0.3276269137859344,2026-08-03T17:57:07+00:00
0ae22de4c98e,data/sources/flickr/images/51897385768.jpg,flickr_f2723db5,throat,297,425,206,222,1024,1021,best.pt,0.7835721373558044,2026-08-03T17:57:09+00:00
98fecbff2cbb,data/sources/flickr/images/51897633919.jpg,flickr_f2723db5,whole_body,15,58,731,725,768,1024,best.pt,0.9211294651031494,2026-08-03T17:57:12+00:00
0dc5333ad5b6,data/sources/flickr/images/51897633919.jpg,flickr_f2723db5,throat,202,226,150,387,768,1024,best.pt,0.8696252107620239,2026-08-03T17:57:14+00:00
f20c9a449ad4,data/sources/flickr/images/51897633919.jpg,flickr_f2723db5,throat_portrait,201,228,151,375,768,1024,best.pt,0.4665246605873108,2026-08-03T17:57:15+00:00
aa64bc70119f,data/sources/flickr/images/51897903924.jpg,flickr_a30ceafc,whole_body,20,57,714,703,768,1024,best.pt,0.9378807544708252,2026-08-03T17:57:18+00:00
688ab3917bfd,data/sources/flickr/images/51897903924.jpg,flickr_a30ceafc,throat,378,117,197,492,768,1024,best.pt,0.6442002058029175,2026-08-03T17:57:19+00:00
2fff80623743,data/sources/flickr/images/51897949935.jpg,flickr_a30ceafc,whole_body,20,57,714,703,768,1024,best.pt,0.9378807544708252,2026-08-03T17:57:22+00:00
034f7569d091,data/sources/flickr/images/51897949935.jpg,flickr_a30ceafc,throat,378,117,197,492,768,1024,best.pt,0.6442002058029175,2026-08-03T17:57:23+00:00
09ff770a2de3,data/sources/flickr/images/51898220025.jpg,flickr_a30ceafc,whole_body,35,57,710,707,768,1024,best.pt,0.5640588998794556,2026-08-03T17:57:26+00:00
219a7b4b8b16,data/sources/flickr/images/51898220025.jpg,flickr_a30ceafc,throat,197,146,340,483,768,1024,best.pt,0.5436561107635498,2026-08-03T17:57:27+00:00
9d5f544c99fe,data/sources/flickr/images/52246247150.jpg,flickr_007b4d52,throat,426,120,70,106,935,623,best.pt,0.2993136644363403,2026-08-03T17:58:16+00:00
400aff969b41,data/sources/flickr/images/53064407482.jpg,flickr_3a24e707,throat,2688,2644,430,619,6144,4628,best.pt,0.4337952136993408,2026-08-03T18:05:45+00:00
4733b4fae263,data/sources/flickr/images/53065380100.jpg,flickr_ba5ec5b3,throat,3913,3376,637,699,6144,4096,best.pt,0.7193701267242432,2026-08-03T18:05:51+00:00
ec10ef09967e,data/sources/flickr/images/53496653587.jpg,flickr_5b8b126c,whole_body,4082,2440,289,276,4500,3405,best.pt,0.257285863161087,2026-08-03T18:12:56+00:00
e8e3dafb5976,data/sources/flickr/images/53517077438.jpg,flickr_71f78bfe,throat,744,358,39,70,1500,1000,best.pt,0.266583114862442,2026-08-03T18:12:59+00:00
7aa395409c01,data/sources/flickr/images/53517230209.jpg,flickr_71f78bfe,whole_body,619,394,70,148,1500,1000,best.pt,0.8450993895530701,2026-08-03T18:13:03+00:00
6258b39bf080,data/sources/flickr/images/53517230209.jpg,flickr_71f78bfe,throat,638,414,39,117,1500,1000,best.pt,0.5585558414459229,2026-08-03T18:13:04+00:00
90ecfb260b37,data/sources/flickr/images/5436864555.jpg,flickr_e52d5467,whole_body,45,8,455,683,500,721,best.pt,0.6656275987625122,2026-08-03T18:20:32+00:00
42fd668db9d2,data/sources/flickr/images/5436864555.jpg,flickr_e52d5467,whole_body,81,3,419,645,500,721,best.pt,0.3417176604270935,2026-08-03T18:20:33+00:00
8cabb9c18254,data/sources/flickr/images/5436864555.jpg,flickr_e52d5467,throat,140,227,241,404,500,721,best.pt,0.3154845535755157,2026-08-03T18:20:35+00:00
f535508e8998,data/sources/flickr/images/54822695188.jpg,flickr_c00da726,whole_body,556,768,228,403,3711,1855,best.pt,0.3875256478786468,2026-08-03T18:23:15+00:00
6aa5bf898613,data/sources/flickr/images/6878832206.jpg,flickr_ad261395,throat,0,1033,266,777,3264,2448,best.pt,0.6846574544906616,2026-08-03T18:34:16+00:00
ec9f62613639,data/sources/flickr/images/6878867012.jpg,flickr_ad261395,whole_body,884,0,2764,2675,3648,2736,best.pt,0.6228586435317993,2026-08-03T18:34:23+00:00
40df9f6a2b2f,data/sources/flickr/images/7024781049.jpg,flickr_d5e7d669,throat,2050,1661,119,275,3264,2448,best.pt,0.4573156237602234,2026-08-03T18:35:07+00:00
62653738b475,data/sources/flickr/images/7024781049.jpg,flickr_d5e7d669,throat_portrait,2053,1661,114,271,3264,2448,best.pt,0.2540856897830963,2026-08-03T18:35:08+00:00
539c2448acc3,data/sources/flickr/images/9280469526.jpg,flickr_0a78a94f,whole_body,1588,0,464,284,3072,2304,best.pt,0.2930129468441009,2026-08-03T18:44:57+00:00
e77cf2b5509d,data/sources/flickr/images/9312831271.jpg,flickr_e58ef5e1,throat_portrait,369,287,82,93,1024,683,best.pt,0.4613983035087585,2026-08-03T18:45:02+00:00
13d995ff89a8,data/sources/upload/images/upload-20260530-d679afb5/20260530_093249.jpg,upload-20260530-d679afb5,whole_body,53,1508,1518,1045,4000,2252,best.pt,0.2938031256198883,2026-08-17T01:33:17+00:00
d2a4376103be,data/sources/inat/images/67210368/108532704.jpg,inat_67210368,whole_body,58,253,132,195,999,666,best.pt,0.2659036517143249,2026-08-17T04:18:40+00:00
6ec3c965f116,data/sources/inat/images/59231652/94628794.jpeg,inat_59231652,throat,71,1,53,53,1024,768,best.pt,0.9543634057044984,2026-08-17T04:20:52+00:00
19be57d42949,data/sources/inat/images/59231652/94628794.jpeg,inat_59231652,throat_portrait,71,1,55,53,1024,768,best.pt,0.5053408741950989,2026-08-17T04:20:53+00:00
cc00558a04b0,data/sources/inat/images/59231652/94628794.jpeg,inat_59231652,whole_body,631,0,191,72,1024,768,best.pt,0.4772467315196991,2026-08-17T04:20:55+00:00
8922c1d94f6a,data/sources/inat/images/59231652/94628794.jpeg,inat_59231652,throat_portrait,74,3,50,49,1024,768,best.pt,0.3588578999042511,2026-08-17T04:20:56+00:00
2075473477bc,data/sources/inat/images/59231652/94628794.jpeg,inat_59231652,throat,765,1,36,58,1024,768,best.pt,0.3352986574172973,2026-08-17T04:20:58+00:00
6c47cfa90fad,data/sources/inat/images/59231652/94628794.jpeg,inat_59231652,whole_body,742,0,76,66,1024,768,best.pt,0.257018893957138,2026-08-17T04:21:00+00:00
3611a7300e38,data/sources/inat/images/44688223/70849581.jpg,inat_44688223,whole_body,0,127,934,671,1200,800,best.pt,0.3386464416980743,2026-08-17T16:28:43+00:00
f86f7fbb89d4,data/sources/inat/images/391370127/717117290.jpg,inat_391370127,whole_body,0,1288,1505,760,1536,2048,best.pt,0.5108897089958191,2026-08-17T16:36:01+00:00
2c998ac4c000,data/sources/inat/images/388299164/712235230.jpg,inat_388299164,whole_body,700,0,455,229,1155,2048,best.pt,0.3070147335529327,2026-08-17T16:41:09+00:00
752a1504eb05,data/sources/inat/images/388299164/712235197.jpg,inat_388299164,whole_body,802,0,353,217,1155,2048,best.pt,0.2935278713703155,2026-08-17T16:41:14+00:00
ec376608636f,data/sources/inat/images/387182594/708973430.jpg,inat_387182594,whole_body,131,497,252,407,2048,1150,best.pt,0.8247765898704529,2026-08-17T16:45:24+00:00
49daf737c492,data/sources/inat/images/386955289/708535322.jpg,inat_386955289,throat,1173,477,62,104,1436,957,best.pt,0.5954280495643616,2026-08-17T16:47:51+00:00
3ece4513b1e9,data/sources/inat/images/386612470/711747562.jpg,inat_386612470,whole_body,1597,16,451,881,2048,1462,best.pt,0.4594590663909912,2026-08-17T16:49:11+00:00
8211edcf8c49,data/sources/inat/images/386612470/711747523.jpg,inat_386612470,whole_body,1732,241,316,872,2048,1463,best.pt,0.8600103259086609,2026-08-17T16:49:23+00:00
23703a86c1f0,data/sources/inat/images/385893784/706507015.jpg,inat_385893784,throat,275,1551,863,496,1536,2048,best.pt,0.300453633069992,2026-08-17T16:51:29+00:00
491951d483d2,data/sources/inat/images/382558231/700108776.jpg,inat_382558231,whole_body,997,12,539,1018,1536,2048,best.pt,0.4259078502655029,2026-08-17T16:57:16+00:00
bbb451acfcee,data/sources/inat/images/372160756/680439544.jpg,inat_372160756,whole_body,1235,528,300,375,1536,2048,best.pt,0.6762754917144775,2026-08-17T17:11:24+00:00
387f3783cfee,data/sources/inat/images/358320008/653630568.jpg,inat_358320008,throat,646,905,85,120,2048,1365,best.pt,0.4301417469978332,2026-08-17T17:28:05+00:00
bbeb41c33ccd,data/sources/inat/images/358320008/653630568.jpg,inat_358320008,whole_body,625,882,127,173,2048,1365,best.pt,0.3350560665130615,2026-08-17T17:28:06+00:00
d75068a7a986,data/sources/inat/images/354809659/648157293.jpg,inat_354809659,whole_body,0,932,144,524,1536,2048,best.pt,0.6963600516319275,2026-08-17T17:46:12+00:00
7145eca91ffb,data/sources/inat/images/341265941/621213798.jpg,inat_341265941,whole_body,1,0,214,736,2048,1153,best.pt,0.3053329885005951,2026-08-17T18:04:34+00:00
b9b1eeed5c76,data/sources/inat/images/341165066/621008641.jpg,inat_341165066,whole_body,0,25,633,1151,2048,1536,best.pt,0.7728663682937622,2026-08-17T18:04:55+00:00
29cad7c1a9ab,data/sources/inat/images/341165066/621008557.jpg,inat_341165066,whole_body,0,11,636,1159,2048,1536,best.pt,0.8360601663589478,2026-08-17T18:05:26+00:00
e729a90f26d6,data/sources/inat/images/335234671/608961572.jpg,inat_335234671,throat,110,695,69,85,2048,1536,best.pt,0.2852519750595093,2026-08-17T18:22:06+00:00
40bff9702683,data/sources/inat/images/331818095/602034470.jpg,inat_331818095,whole_body,1784,311,264,736,2048,1536,best.pt,0.5925803780555725,2026-08-17T18:32:07+00:00
1aedb4c0b5aa,data/sources/inat/images/331818095/602034453.jpg,inat_331818095,whole_body,868,0,1180,402,2048,1536,best.pt,0.3037760853767395,2026-08-17T18:32:48+00:00
145c21a9c606,data/sources/inat/images/323893682/586105745.jpg,inat_323893682,throat,2,651,354,511,2048,1536,best.pt,0.2981109917163849,2026-08-17T18:56:08+00:00
820ccca9ad54,data/sources/inat/images/305916278/551626531.jpg,inat_305916278,whole_body,197,5,1337,1165,1536,2048,best.pt,0.4917140305042267,2026-08-17T20:07:37+00:00
0df37fc6ff1e,data/sources/inat/images/127245618/216002909.jpeg,inat_127245618,throat,0,932,223,200,2048,1536,best.pt,0.2980704009532928,2026-08-17T21:28:46+00:00
e1a1c479c19f,data/sources/inat/images/134013089/228362569.jpeg,inat_134013089,throat,1,2,106,131,2048,1536,best.pt,0.2974275946617126,2026-08-17T21:49:49+00:00
e16bf463d6c5,data/sources/inat/images/137727194/235278297.jpg,inat_137727194,whole_body,1,132,174,747,1587,1058,best.pt,0.2778259813785553,2026-08-17T21:56:50+00:00
c74225941b85,data/sources/inat/images/140131970/239824148.jpeg,inat_140131970,whole_body,420,0,220,230,640,480,best.pt,0.8535009026527405,2026-08-17T21:59:37+00:00
3d46b8a5d915,data/sources/inat/images/140131970/239824148.jpeg,inat_140131970,throat,469,0,170,198,640,480,best.pt,0.2647735476493835,2026-08-17T21:59:39+00:00
0ea8f78acb6a,data/sources/inat/images/141242499/241922641.jpeg,inat_141242499,throat,1024,80,56,216,1080,809,best.pt,0.4078575372695923,2026-08-17T22:00:34+00:00
215e56f35652,data/sources/inat/images/145890950/250692665.jpeg,inat_145890950,whole_body,420,0,220,230,640,480,best.pt,0.8535009026527405,2026-08-17T22:08:33+00:00
7dcf3a5258d0,data/sources/inat/images/145890950/250692665.jpeg,inat_145890950,throat,469,0,170,198,640,480,best.pt,0.2647735476493835,2026-08-17T22:08:35+00:00
49d1fa8c547e,data/sources/inat/images/156443262/270520297.jpg,inat_156443262,throat,305,471,38,71,900,675,best.pt,0.3020740151405334,2026-08-17T22:30:26+00:00
e3d4fc5079a2,data/sources/inat/images/160690436/277695877.jpg,inat_160690436,whole_body,0,134,233,1151,2048,1536,best.pt,0.3227373361587524,2026-08-17T22:31:13+00:00
bec854cb144e,data/sources/inat/images/161266057/278733828.jpg,inat_161266057,throat,3,0,198,333,900,675,best.pt,0.6874793171882629,2026-08-17T22:31:31+00:00
3e9e910853f5,data/sources/inat/images/161266057/278733828.jpg,inat_161266057,whole_body,4,0,448,455,900,675,best.pt,0.4746530652046203,2026-08-17T22:31:32+00:00
dbcde0db7718,data/sources/inat/images/172047472/298614004.jpeg,inat_172047472,whole_body,303,43,1226,843,1536,2048,best.pt,0.4886029362678528,2026-08-17T22:41:44+00:00
53218ce41028,data/sources/inat/images/184525411/322115505.jpeg,inat_184525411,whole_body,0,778,261,822,1200,1600,best.pt,0.2977702915668487,2026-08-17T23:05:19+00:00
d94afd1aab2a,data/sources/inat/images/18655950/28558791.jpeg,inat_18655950,whole_body,0,212,165,988,2048,1365,best.pt,0.7909507751464844,2026-08-17T23:06:29+00:00
5eddbe1afc38,data/sources/inat/images/192583107/338108016.jpg,inat_192583107,whole_body,144,3,1904,1533,2048,1536,best.pt,0.4853391647338867,2026-08-17T23:14:10+00:00
3fc78319f29b,data/sources/inat/images/200786300/354314638.jpg,inat_200786300,whole_body,1,0,555,359,1536,2048,best.pt,0.2578855156898498,2026-08-17T23:28:05+00:00
abbc7be5cd74,data/sources/inat/images/201059681/354850420.jpg,inat_201059681,whole_body,162,138,137,173,900,600,best.pt,0.7422673106193542,2026-08-17T23:28:45+00:00
c4fa67b6682c,data/sources/inat/images/228465661/405421675.jpg,inat_228465661,whole_body,0,190,584,1363,2048,2048,best.pt,0.4831944704055786,2026-08-18T16:50:35+00:00
5b58d3d6d1be,data/sources/inat/images/228465661/405421702.jpg,inat_228465661,whole_body,0,195,535,1312,2048,2048,best.pt,0.6068320870399475,2026-08-18T16:50:42+00:00
22ac5c7cabb4,data/sources/inat/images/22922155/35529780.jpg,inat_22922155,whole_body,1154,277,125,188,2048,1536,best.pt,0.6911123991012573,2026-08-18T16:53:30+00:00
a98ce95e4f34,data/sources/inat/images/22922155/35529780.jpg,inat_22922155,whole_body,0,409,124,181,2048,1536,best.pt,0.4786285161972046,2026-08-18T16:53:31+00:00
a7878958cde4,data/sources/inat/images/22922155/35529780.jpg,inat_22922155,throat,1183,305,72,139,2048,1536,best.pt,0.4260832071304321,2026-08-18T16:53:33+00:00
0da52b7be8d7,data/sources/inat/images/22922155/35529780.jpg,inat_22922155,throat,10,436,86,131,2048,1536,best.pt,0.2672349214553833,2026-08-18T16:53:34+00:00
d79423cee07c,data/sources/inat/images/247344892/441742595.jpeg,inat_247344892,throat,658,757,476,399,2048,1156,best.pt,0.5752068161964417,2026-08-18T17:44:16+00:00
e2e0e19b3d73,data/sources/inat/images/247370906/441795810.jpeg,inat_247370906,whole_body,1244,221,803,995,2048,1365,best.pt,0.5821426510810852,2026-08-18T17:45:52+00:00
1cd1f5fe6c7e,data/sources/inat/images/247370906/441795950.jpeg,inat_247370906,whole_body,1173,116,875,825,2048,1365,best.pt,0.2790984511375427,2026-08-18T17:45:59+00:00
f9e655ae51f6,data/sources/inat/images/249318902/445659261.jpeg,inat_249318902,whole_body,1134,217,402,747,1536,2048,best.pt,0.5673015713691711,2026-08-18T17:56:14+00:00
eaa6cea6c25d,data/sources/inat/images/254261910/455391603.jpg,inat_254261910,whole_body,1654,0,394,399,2048,1536,best.pt,0.2774244248867035,2026-08-18T18:02:11+00:00
56bdd6549c4f,data/sources/inat/images/254417969/455706967.jpg,inat_254417969,whole_body,1492,283,556,681,2048,1365,best.pt,0.3142018616199493,2026-08-18T18:02:23+00:00
888cf304fe86,data/sources/inat/images/254417969/455706981.jpg,inat_254417969,whole_body,1360,108,688,945,2048,1365,best.pt,0.4931641519069671,2026-08-18T18:02:26+00:00
aca21d76201f,data/sources/inat/images/25959823/40266125.jpeg,inat_25959823,whole_body,1813,896,235,309,2048,1365,best.pt,0.5589494109153748,2026-08-18T18:11:11+00:00
c08c90f9e419,data/sources/inat/images/262299263/471237311.jpeg,inat_262299263,whole_body,0,365,370,665,2048,1536,best.pt,0.5474486947059631,2026-08-18T18:16:40+00:00
0a53445c1016,data/sources/inat/images/262299263/471237311.jpeg,inat_262299263,throat,59,464,179,505,2048,1536,best.pt,0.2650090157985687,2026-08-18T18:16:42+00:00
c5aede2be55e,data/sources/inat/images/268456387/482550195.jpg,inat_268456387,throat,393,188,70,118,2048,1365,best.pt,0.6404709219932556,2026-08-18T18:38:09+00:00
eee5f6ac8c46,data/sources/flickr/images/5785569353.jpg,flickr_936d3801,whole_body,155,134,1939,2456,3888,2592,best.pt,0.904691755771637,2026-08-20T16:15:17+00:00
85dde785f46c,data/sources/flickr/images/5785569353.jpg,flickr_936d3801,throat,755,925,819,1139,3888,2592,best.pt,0.7218735814094543,2026-08-20T16:15:18+00:00
126fbde6ff92,data/sources/flickr/images/15018179313.jpg,flickr_ac8b9727,whole_body,2786,0,862,2594,3648,2736,best.pt,0.831143319606781,2026-08-20T16:22:22+00:00
d12b834460d1,data/sources/upload/images/upload-20190429-8fceebab/20190429_171826.jpg,upload-20190429-8fceebab,throat,997,1403,1648,1581,4128,3096,best.pt,0.5836527943611145,2026-09-13T22:51:18+00:00
3c4431e38941,data/sources/upload/images/upload-20260614-0a6b934b/20260614_104341.jpg,upload-20260614-0a6b934b,whole_body,831,365,704,657,2252,4000,best.pt,0.3066811263561249,2026-09-13T23:10:41+00:00
